Source,Contributor,Genus,Species,Slide Number/Description,Aperio Filename,Stain,Accession Number,Processing,Comments,Date Collected,Date Received,Date Sent To Aperio,Sample,Infect/Non,Study,Collection Site,Histopathologic Description,,,,,,,,,,,,,,,,,,,,,,,,,,,,,,,,,,,,,,,,,,,,,,,,,,
Hollings Marine Laboratory,Bette Willis,Montipora, Digitata,2008 TS 25 Xi Nori 3,Montipora.svs,,,,,,2008-12-02,2008-12-10,,,,,,,,,,,,,,,,,,,,,,,,,,,,,,,,,,,,,,,,,,,,,,,,,,,,,,,
Hollings Marine Laboratory,Bette Willis,Acropora, tenuis,2008 IS LS-6,Acropora tinuis.svs,,,,,,2008-12-02,2008-12-10,,,,,,,,,,,,,,,,,,,,,,,,,,,,,,,,,,,,,,,,,,,,,,,,,,,,,,,
Hollings Marine Laboratory,Bette Willis,Acropora, millepora,2008 15-5-6 TS+LS,Acropora Millepora.svs,,,,,,2008-12-02,2008-12-10,,,,,,,,,,,,,,,,,,,,,,,,,,,,,,,,,,,,,,,,,,,,,,,,,,,,,,,
Hollings Marine Laboratory,Bette Willis,Diploastrea, heliopora,2008 8-LS-5,Diploastred Heliopora.svs,,,,,,2008-12-02,2008-12-10,,,,,,,,,,,,,,,,,,,,,,,,,,,,,,,,,,,,,,,,,,,,,,,,,,,,,,,
Hollings Marine Laboratory,Bette Willis,Lobophyllia, hemprichii,22 Jt& RD LS-3 #1,Lobophyllia.svs,,,,,,2008-12-02,2008-12-10,,,,,,,,,,,,,,,,,,,,,,,,,,,,,,,,,,,,,,,,,,,,,,,,,,,,,,,
Hollings Marine Laboratory,Bette Willis,Platygyra, sinensis,2008 TS 4,Platygyra.svs,,,,,,2008-12-02,2008-12-10,,,,,,,,,,,,,,,,,,,,,,,,,,,,,,,,,,,,,,,,,,,,,,,,,,,,,,,
Hollings Marine Laboratory,Bette Willis,Porites, sp,2008 14-3,Porites sp..svs,,,,,,2008-12-02,2008-12-10,,,,,,,,,,,,,,,,,,,,,,,,,,,,,,,,,,,,,,,,,,,,,,,,,,,,,,,
Hollings Marine Laboratory,Bette Willis,Fungia, sp,2008 11-LS-6,Fungis sp..svs,,,,,,2008-12-02,2008-12-10,,,,,,,,,,,,,,,,,,,,,,,,,,,,,,,,,,,,,,,,,,,,,,,,,,,,,,,
Hollings Marine Laboratory,Bette Willis,Seriatopora, hystrix 3,2008 27 9 +S,Seriatopore Hystrix 3.svs,,,,,,2008-12-02,2008-12-10,,,,,,,,,,,,,,,,,,,,,,,,,,,,,,,,,,,,,,,,,,,,,,,,,,,,,,,
Hollings Marine Laboratory,Bette Willis,Seriatopora, hystrix 2,CB34-5 2007 Warner 1,Seriatopore Hystrix 2.svs,,,,,,2008-12-02,2008-12-10,,,,,,,,,,,,,,,,,,,,,,,,,,,,,,,,,,,,,,,,,,,,,,,,,,,,,,,
Hollings Marine Laboratory,Bette Willis,Seriatopora, hystrix 1,CB35-7 2007 Warner 2,Seriatopore Hystrix 1.svs,,,,,,2008-12-02,2008-12-10,,,,,,,,,,,,,,,,,,,,,,,,,,,,,,,,,,,,,,,,,,,,,,,,,,,,,,,
NOAA,Cheryl Woodley,Astreopora,myriophthalma,6,Astreo 06.svs,Iron,2007Stain001,,Astreo Healthy Iron,,,2007-07-18,,N,,,,,,,,,,,,,,,,,,,,,,,,,,,,,,,,,,,,,,,,,,,,,,,,,,,,,
NOAA,Cheryl Woodley,Astreopora,myriophthalma,8,Astreo 08.svs,Iron,2007Stain002,,Astreo Healthy D Iron,,,2007-07-18,,N,,,,,,,,,,,,,,,,,,,,,,,,,,,,,,,,,,,,,,,,,,,,,,,,,,,,,
NOAA,Cheryl Woodley,Astreopora,myriophthalma,11,Astreo 11.svs,Hall's Bile,2007Stain003,,"Astreo Healthy
Hall's",,,2007-07-18,,N,,,,,,,,,,,,,,,,,,,,,,,,,,,,,,,,,,,,,,,,,,,,,,,,,,,,,
NOAA,Cheryl Woodley,Astreopora,myriophthalma,13,Astreo 13.svs,Hall's Bile,2007Stain004,,"Astreo Healthy
D Hall's",,,2007-07-18,,N,,,,,,,,,,,,,,,,,,,,,,,,,,,,,,,,,,,,,,,,,,,,,,,,,,,,,
NOAA,Cheryl Woodley,Astreopora,myriophthalma,16,Astreo 16.svs,Masson,2007Stain005,,"Astreo Healthy
Masson",,,2007-07-18,,N,,,,,,,,,,,,,,,,,,,,,,,,,,,,,,,,,,,,,,,,,,,,,,,,,,,,,
NOAA,Cheryl Woodley,Astreopora,myriophthalma,18,Astreo 18.svs,Masson,2007Stain006,,"Astreo Healthy
D Masson",,,2007-07-18,,N,,,,,,,,,,,,,,,,,,,,,,,,,,,,,,,,,,,,,,,,,,,,,,,,,,,,,
NOAA,Cheryl Woodley,Astreopora,myriophthalma,21,Astreo 21.svs,Rhodanine,2007Stain007,,"Astreo Healthy
Rhodanine 3/1/07",,,2007-07-18,,N,,,,,,,,,,,,,,,,,,,,,,,,,,,,,,,,,,,,,,,,,,,,,,,,,,,,,
NOAA,Cheryl Woodley,Astreopora,myriophthalma,23,Astreo 23.svs,Rhodanine,2007Stain008,,"Astreo Healthy
D Rhodanine 3/1/07",,,2007-07-18,,N,,,,,,,,,,,,,,,,,,,,,,,,,,,,,,,,,,,,,,,,,,,,,,,,,,,,,
NOAA,Cheryl Woodley,Astreopora,myriophthalma,26,Astreo 26.svs,Steiner,2007Stain009,,"Steiner 1
Astreo Healthy
2/22/07",,,2007-07-18,,N,,,,,,,,,,,,,,,,,,,,,,,,,,,,,,,,,,,,,,,,,,,,,,,,,,,,,
NOAA,Cheryl Woodley,Astreopora,myriophthalma,28,Astreo 28.svs,Steiner,2007Stain010,,"Steiner 1 
Astreo Healthy D
2/22/07",,,2007-07-18,,N,,,,,,,,,,,,,,,,,,,,,,,,,,,,,,,,,,,,,,,,,,,,,,,,,,,,,
NOAA,Cheryl Woodley,Astreopora,myriophthalma,31,Astreo 31.svs,Bodian,2007Stain011,,"Astreo Healthy
Bodian",,,2007-07-18,,N,,,,,,,,,,,,,,,,,,,,,,,,,,,,,,,,,,,,,,,,,,,,,,,,,,,,,
NOAA,Cheryl Woodley,Astreopora,myriophthalma,33,Astreo 33.svs,Bodian,2007Stain012,,"Astreo Healthy
D Bodian",,,2007-07-18,,N,,,,,,,,,,,,,,,,,,,,,,,,,,,,,,,,,,,,,,,,,,,,,,,,,,,,,
NOAA,Cheryl Woodley,Astreopora,myriophthalma,36,Astreo 36.svs,Movat,2007Stain013,,"Astreo Healthy
Movat",,,2007-07-18,,N,,,,,,,,,,,,,,,,,,,,,,,,,,,,,,,,,,,,,,,,,,,,,,,,,,,,,
NOAA,Cheryl Woodley,Astreopora,myriophthalma,38,Astreo 38.svs,Movat,2007Stain014,,"Astreo Healthy
D Movat",,,2007-07-18,,N,,,,,,,,,,,,,,,,,,,,,,,,,,,,,,,,,,,,,,,,,,,,,,,,,,,,,
NOAA,Cheryl Woodley,Astreopora,myriophthalma,41,Astreo 41.svs,Schmorl,2007Stain015,,"Astreo Healthy
Schmorl",,,2007-07-18,,N,,,,,,,,,,,,,,,,,,,,,,,,,,,,,,,,,,,,,,,,,,,,,,,,,,,,,
NOAA,Cheryl Woodley,Astreopora,myriophthalma,43,Astreo 43.svs,Schmorl,2007Stain016,,"Astreo Healthy
Schmorl",,,2007-07-18,,N,,,,,,,,,,,,,,,,,,,,,,,,,,,,,,,,,,,,,,,,,,,,,,,,,,,,,
NOAA,Cheryl Woodley,Astreopora,myriophthalma,46,Astreo 46.svs,MG-P,2007Stain017,,"Astreo Healthy
MGP",,,2007-07-18,,N,,,,,,,,,,,,,,,,,,,,,,,,,,,,,,,,,,,,,,,,,,,,,,,,,,,,,
NOAA,Cheryl Woodley,Astreopora,myriophthalma,48,Astreo 48.svs,MG-P,2007Stain018,,"Astreo Healthy
MGP",,,2007-07-18,,N,,,,,,,,,,,,,,,,,,,,,,,,,,,,,,,,,,,,,,,,,,,,,,,,,,,,,
NOAA,Cheryl Woodley,Astreopora,myriophthalma,51,Astreo 51.svs,Gram Twort,2007Stain019,,"Astreo Healthy
gram Twort",,,2007-07-18,,N,,,,,,,,,,,,,,,,,,,,,,,,,,,,,,,,,,,,,,,,,,,,,,,,,,,,,
NOAA,Cheryl Woodley,Astreopora,myriophthalma,53,Astreo 53.svs,Gram Twort,2007Stain020,,"Astreo Healthy
D gram Twort",,,2007-07-18,,N,,,,,,,,,,,,,,,,,,,,,,,,,,,,,,,,,,,,,,,,,,,,,,,,,,,,,
NOAA,Cheryl Woodley,Astreopora,myriophthalma,56,Astreo 56.svs,B&B,2007Stain021,,"Astreo Healthy
B&B",,,2007-07-18,,N,,,,,,,,,,,,,,,,,,,,,,,,,,,,,,,,,,,,,,,,,,,,,,,,,,,,,
NOAA,Cheryl Woodley,Astreopora,myriophthalma,58,Astreo 58.svs,B&B,2007Stain022,,"Astreo Healthy
D B&B",,,2007-07-18,,N,,,,,,,,,,,,,,,,,,,,,,,,,,,,,,,,,,,,,,,,,,,,,,,,,,,,,
NOAA,Cheryl Woodley,Astreopora,myriophthalma,1,Astreo 01.svs,H&E,2007Stain023,,"Astreo Healthy
D H&E",,,2007-07-18,,N,,,,,,,,,,,,,,,,,,,,,,,,,,,,,,,,,,,,,,,,,,,,,,,,,,,,,
NOAA,Cheryl Woodley,Astreopora,myriophthalma,2,Astreo Healthy Steiner 02.svs,Steiner,2007Stain024,,"Astreo Healthy
Steiner",,,2007-07-18,,N,,,,,,,,,,,,,,,,,,,,,,,,,,,,,,,,,,,,,,,,,,,,,,,,,,,,,
NOAA,Cheryl Woodley,Astreopora,myriophthalma,2,Astreo Dis A Steiner 02.svs,Steiner,2007Stain025,,"Astreo Healthy
D Steiner",,,2007-07-18,,N,,,,,,,,,,,,,,,,,,,,,,,,,,,,,,,,,,,,,,,,,,,,,,,,,,,,,
NOAA,Cheryl Woodley,Astreopora,myriophthalma,9,Astreo 09.svs,Iron,2007Stain026,,"Astreo Dis. A
Iron",,,2007-07-18,,I,,,,,,,,,,,,,,,,,,,,,,,,,,,,,,,,,,,,,,,,,,,,,,,,,,,,,
NOAA,Cheryl Woodley,Astreopora,myriophthalma,14,Astreo 14.svs,Hall's Bile,2007Stain027,,"Astreo Dis. A
Hall's",,,2007-07-18,,I,,,,,,,,,,,,,,,,,,,,,,,,,,,,,,,,,,,,,,,,,,,,,,,,,,,,,
NOAA,Cheryl Woodley,Astreopora,myriophthalma,19,Astreo 19.svs,Masson,2007Stain028,,"Astreo Dis. A
Masson",,,2007-07-18,,I,,,,,,,,,,,,,,,,,,,,,,,,,,,,,,,,,,,,,,,,,,,,,,,,,,,,,
NOAA,Cheryl Woodley,Astreopora,myriophthalma,24,Astreo 24.svs,Rhodanine,2007Stain029,,"Astreo Dis. A
Rhodanine 3/1/07",,,2007-07-18,,I,,,,,,,,,,,,,,,,,,,,,,,,,,,,,,,,,,,,,,,,,,,,,,,,,,,,,
NOAA,Cheryl Woodley,Astreopora,myriophthalma,29,Astreo 29.svs,Steiner,2007Stain030,,"Astreo Dis. A
Steiner 1 2/22/07",,,2007-07-18,,I,,,,,,,,,,,,,,,,,,,,,,,,,,,,,,,,,,,,,,,,,,,,,,,,,,,,,
NOAA,Cheryl Woodley,Astreopora,myriophthalma,34,Astreo 34.svs,Bodian,2007Stain031,,"Astreo Dis. A
Bodian",,,2007-07-18,,I,,,,,,,,,,,,,,,,,,,,,,,,,,,,,,,,,,,,,,,,,,,,,,,,,,,,,
NOAA,Cheryl Woodley,Astreopora,myriophthalma,39,Astreo 39.svs,Movat,2007Stain032,,"Astreo Dis. A
Movat",,,2007-07-18,,I,,,,,,,,,,,,,,,,,,,,,,,,,,,,,,,,,,,,,,,,,,,,,,,,,,,,,
NOAA,Cheryl Woodley,Astreopora,myriophthalma,44,Astreo 44.svs,Schmorl,2007Stain033,,"Astreo Dis. A
Schmorl",,,2007-07-18,,I,,,,,,,,,,,,,,,,,,,,,,,,,,,,,,,,,,,,,,,,,,,,,,,,,,,,,
NOAA,Cheryl Woodley,Astreopora,myriophthalma,49,Astreo 49.svs,MGP,2007Stain034,,"Astreo Dis. A
MGP",,,2007-07-18,,I,,,,,,,,,,,,,,,,,,,,,,,,,,,,,,,,,,,,,,,,,,,,,,,,,,,,,
NOAA,Cheryl Woodley,Astreopora,myriophthalma,54,Astreo 54.svs,Gram Twort,2007Stain035,,"Astreo Dis. A
Gram Twort",,,2007-07-18,,I,,,,,,,,,,,,,,,,,,,,,,,,,,,,,,,,,,,,,,,,,,,,,,,,,,,,,
NOAA,Cheryl Woodley,Astreopora,myriophthalma,59,Astreo 59.svs,B&B,2007Stain036,,"Astreo Dis. A
B&B",,,2007-07-18,,I,,,,,,,,,,,,,,,,,,,,,,,,,,,,,,,,,,,,,,,,,,,,,,,,,,,,,
NOAA,Cheryl Woodley,Astreopora,myriophthalma,1,Astreo Dis A 01.svs,H&E,2007Stain037,,"Astreo Dis. A
H&E",,,2007-07-18,,I,,,,,,,,,,,,,,,,,,,,,,,,,,,,,,,,,,,,,,,,,,,,,,,,,,,,,
NOAA,Cheryl Woodley,Astreopora,myriophthalma,2,Astreo Dis A 02.svs,Steiner,2007Stain038,,"Astreo Dis. A
Steiner ",,,2007-07-18,,I,,,,,,,,,,,,,,,,,,,,,,,,,,,,,,,,,,,,,,,,,,,,,,,,,,,,,
NOAA,Cheryl Woodley,Echinopora,gemmacea,7,Echino 07.svs,Iron,2007Stain039,,"Echino Healthy
Iron",,,2007-07-18,,N,,,,,,,,,,,,,,,,,,,,,,,,,,,,,,,,,,,,,,,,,,,,,,,,,,,,,
NOAA,Cheryl Woodley,Echinopora,gemmacea,12,Echino 12.svs,Hall's Bile,2007Stain040,,"Echino Healthy
Al Hall's",,,2007-07-18,,N,,,,,,,,,,,,,,,,,,,,,,,,,,,,,,,,,,,,,,,,,,,,,,,,,,,,,
NOAA,Cheryl Woodley,Echinopora,gemmacea,17,Echino 17.svs,Masson,2007Stain041,,"Echino Healthy
Masson",,,2007-07-18,,N,,,,,,,,,,,,,,,,,,,,,,,,,,,,,,,,,,,,,,,,,,,,,,,,,,,,,
NOAA,Cheryl Woodley,Echinopora,gemmacea,22,Echino 22.svs,Rhodanine,2007Stain042,,"Echino Healthy
Al Rhodanine 3/1/07",,,2007-07-18,,N,,,,,,,,,,,,,,,,,,,,,,,,,,,,,,,,,,,,,,,,,,,,,,,,,,,,,
NOAA,Cheryl Woodley,Echinopora,gemmacea,27,Echino 27.svs,Steiner ,2007Stain043,,"Echino Healthy
Steiner 1 Al 2/22/07",,,2007-07-18,,N,,,,,,,,,,,,,,,,,,,,,,,,,,,,,,,,,,,,,,,,,,,,,,,,,,,,,
NOAA,Cheryl Woodley,Echinopora,gemmacea,32,Echino 32.svs,Bodian,2007Stain044,,"Echino Healthy
Al Bodian",,,2007-07-18,,N,,,,,,,,,,,,,,,,,,,,,,,,,,,,,,,,,,,,,,,,,,,,,,,,,,,,,
NOAA,Cheryl Woodley,Echinopora,gemmacea,37,Echino 37.svs,Movat,2007Stain045,,"Echino Healthy
Movat",,,2007-07-18,,N,,,,,,,,,,,,,,,,,,,,,,,,,,,,,,,,,,,,,,,,,,,,,,,,,,,,,
NOAA,Cheryl Woodley,Echinopora,gemmacea,42,Echino 42.svs,Schmorl,2007Stain046,,"Echino Healthy
Al Schmorl",,,2007-07-18,,N,,,,,,,,,,,,,,,,,,,,,,,,,,,,,,,,,,,,,,,,,,,,,,,,,,,,,
NOAA,Cheryl Woodley,Echinopora,gemmacea,47,Echino 47.svs,MGP,2007Stain047,,"Echino Healthy
MGP",,,2007-07-18,,N,,,,,,,,,,,,,,,,,,,,,,,,,,,,,,,,,,,,,,,,,,,,,,,,,,,,,
NOAA,Cheryl Woodley,Echinopora,gemmacea,52,Echino 52.svs,Gram Twort,2007Stain048,,"Echino Healthy
gram Twort",,,2007-07-18,,N,,,,,,,,,,,,,,,,,,,,,,,,,,,,,,,,,,,,,,,,,,,,,,,,,,,,,
NOAA,Cheryl Woodley,Echinopora,gemmacea,57,Echino 57.svs,B&B,2007Stain049,,"Echino Healthy
Al B&B",,,2007-07-18,,N,,,,,,,,,,,,,,,,,,,,,,,,,,,,,,,,,,,,,,,,,,,,,,,,,,,,,
NOAA,Cheryl Woodley,Echinopora,gemmacea,1,Echino 01.svs,H&E,2007Stain050,,"Echino Healthy
Al H&E",,,2007-07-18,,N,,,,,,,,,,,,,,,,,,,,,,,,,,,,,,,,,,,,,,,,,,,,,,,,,,,,,
NOAA,Cheryl Woodley,Echinopora,gemmacea,2,Echino 02.svs,Steiner,2007Stain051,,"Echino Healthy
Al Steiner ",,,2007-07-18,,N,,,,,,,,,,,,,,,,,,,,,,,,,,,,,,,,,,,,,,,,,,,,,,,,,,,,,
NOAA,Cheryl Woodley,Echinopora,gemmacea,9,Echino 09.svs,Masson,2007Stain052,,Echino Healthy A1 Masson 2/26/07,,,2007-07-18,,,,,,,,,,,,,,,,,,,,,,,,,,,,,,,,,,,,,,,,,,,,,,,,,,,,,,,
NOAA,Cheryl Woodley,Echinopora,gemmacea,10,Echino 10.svs,S+S,2007Stain053,,Echino Healthy A1 S+S,,,2007-07-18,,,,,,,,,,,,,,,,,,,,,,,,,,,,,,,,,,,,,,,,,,,,,,,,,,,,,,,
NOAA,Cheryl Woodley,Echinopora,gemmacea,3,Echino A13.svs,B&B,2007Stain054,,Echino Healthy B&B A1,,,2007-07-18,,,,,,,,,,,,,,,,,,,,,,,,,,,,,,,,,,,,,,,,,,,,,,,,,,,,,,,
NOAA,Cheryl Woodley,Echinopora,gemmacea,X,Echino A13x.svs,B,2007Stain055,,Echino Healthy A1,,,2007-07-18,,,,,,,,,,,,,,,,,,,,,,,,,,,,,,,,,,,,,,,,,,,,,,,,,,,,,,,
NOAA,Cheryl Woodley,Porites,lutea,10,Portis 10.svs,Iron,,,"Porits S.dis. Bx
Iron",,,2007-07-18,,I,,,,,,,,,,,,,,,,,,,,,,,,,,,,,,,,,,,,,,,,,,,,,,,,,,,,,
NOAA,Cheryl Woodley,Porites,lutea,15,Portis 15.svs,Hall's Bile,,,"Porits S.dis. Bx
Hall's",,,2007-07-18,,I,,,,,,,,,,,,,,,,,,,,,,,,,,,,,,,,,,,,,,,,,,,,,,,,,,,,,
NOAA,Cheryl Woodley,Porites,lutea,20,Portis 20.svs,Masson,2007Stain058,,"Porits S.dis. Bx
Masson",,,2007-07-18,,I,,,,,,,,,,,,,,,,,,,,,,,,,,,,,,,,,,,,,,,,,,,,,,,,,,,,,
NOAA,Cheryl Woodley,Porites,lutea,25,Portis 25.svs,Rhodanine,2007Stain059,,"Porits S.dis. Bx
Rhodanine 3/1/07",,,2007-07-18,,I,,,,,,,,,,,,,,,,,,,,,,,,,,,,,,,,,,,,,,,,,,,,,,,,,,,,,
NOAA,Cheryl Woodley,Porites,lutea,30,Portis 30.svs,Steiner,2007Stain060,,"Porits S.dis. Bx
Steiner 1 2/22/07",,,2007-07-18,,I,,,,,,,,,,,,,,,,,,,,,,,,,,,,,,,,,,,,,,,,,,,,,,,,,,,,,
NOAA,Cheryl Woodley,Porites,lutea,35,Portis 35.svs,Bodian,2007Stain061,,"Porits S.dis. Bx
Bodian",,,2007-07-18,,I,,,,,,,,,,,,,,,,,,,,,,,,,,,,,,,,,,,,,,,,,,,,,,,,,,,,,
NOAA,Cheryl Woodley,Porites,lutea,40,Portis 40.svs,Movat,2007Stain062,,"Porits S.dis. Bx
Movat",,,2007-07-18,,I,,,,,,,,,,,,,,,,,,,,,,,,,,,,,,,,,,,,,,,,,,,,,,,,,,,,,
NOAA,Cheryl Woodley,Porites,lutea,45,Portis 45.svs,Schmorl,2007Stain063,,"Porits S. dis. Bx
Schmorl",,,2007-07-18,,I,,,,,,,,,,,,,,,,,,,,,,,,,,,,,,,,,,,,,,,,,,,,,,,,,,,,,
NOAA,Cheryl Woodley,Porites,lutea,50,Portis 50.svs,MGP,2007Stain064,,"Porits S. dis. A
MCP",,,2007-07-18,,I,,,,,,,,,,,,,,,,,,,,,,,,,,,,,,,,,,,,,,,,,,,,,,,,,,,,,
NOAA,Cheryl Woodley,Porites,lutea,55,Portis 55.svs,Gram Twort,2007Stain065,,"Porits S. dis. Bx
gram Twort",,,2007-07-18,,I,,,,,,,,,,,,,,,,,,,,,,,,,,,,,,,,,,,,,,,,,,,,,,,,,,,,,
NOAA,Cheryl Woodley,Porites,lutea,60,Portis 60.svs,B&B,2007Stain066,,"Porits S. dis. Bx
B&B",,,2007-07-18,,I,,,,,,,,,,,,,,,,,,,,,,,,,,,,,,,,,,,,,,,,,,,,,,,,,,,,,
NOAA,Cheryl Woodley,Porites,lutea,1,Porits H&E 01.svs,H&E,2007Stain067,,"Porits S. dis. Bx
H&E",,,2007-07-18,,I,,,,,,,,,,,,,,,,,,,,,,,,,,,,,,,,,,,,,,,,,,,,,,,,,,,,,
NOAA,Cheryl Woodley,Porites,lutea,2,Porits H&E 02.svs,Steiner ,2007Stain068,,"Porits S. dis. Bx
Steiner",,,2007-07-18,,I,,,,,,,,,,,,,,,,,,,,,,,,,,,,,,,,,,,,,,,,,,,,,,,,,,,,,
NOAA,Cheryl Woodley,Montipora,aequituberculata,1,Montl 01.svs,H&E,2007Stain069,,"Montl Healthy 
A H&E ",,,2007-07-18,,N,,,,,,,,,,,,,,,,,,,,,,,,,,,,,,,,,,,,,,,,,,,,,,,,,,,,,
NOAA,Cheryl Woodley,Montipora,aequituberculata,2,Montl 02.svs,Steiner,2007Stain070,,"Montl Healthy 
A Steiner",,,2007-07-18,,N,,,,,,,,,,,,,,,,,,,,,,,,,,,,,,,,,,,,,,,,,,,,,,,,,,,,,
NOAA,Cheryl Woodley,Montipora,aequituberculata,8,Montl 08.svs,Movat,2007Stain071,,Mont aeq Healthy A Movat 3/1/07,,,2007-07-18,,,,,,,,,,,,,,,,,,,,,,,,,,,,,,,,,,,,,,,,,,,,,,,,,,,,,,,
,McLaughlin,Acropora,cervicornis,48 Acropora cervicornis T6,48Acropora.svs,H&E,T6,,,,2007-07-26,,,,,,,,,,,,,,,,,,,,,,,,,,,,,,,,,,,,,,,,,,,,,,,,,,,,,,,,
,McLaughlin,Acropora,cervicornis,48 x15,48X15.svs,H&E,,,,,2007-07-26,,,,,,,,,,,,,,,,,,,,,,,,,,,,,,,,,,,,,,,,,,,,,,,,,,,,,,,,
,McLaughlin,Acropora,cervicornis,48 X 11,48X11.svs,Gram,,,,,2007-07-26,,,,,,,,,,,,,,,,,,,,,,,,,,,,,,,,,,,,,,,,,,,,,,,,,,,,,,,,
,McLaughlin,Acropora,cervicornis,49 T1-11,49T111.svs,H&E,,,,,2007-07-26,,,,,,,,,,,,,,,,,,,,,,,,,,,,,,,,,,,,,,,,,,,,,,,,,,,,,,,,
,McLaughlin,Acropora,cervicornis,49 X-6,49X6.svs,H&E,,,,,2007-07-26,,,,,,,,,,,,,,,,,,,,,,,,,,,,,,,,,,,,,,,,,,,,,,,,,,,,,,,,
,McLaughlin,Acropora,cervicornis,49 T1-4,49T14.svs,Gram,,,,,2007-07-26,,,,,,,,,,,,,,,,,,,,,,,,,,,,,,,,,,,,,,,,,,,,,,,,,,,,,,,,
,McLaughlin,Acropora,cervicornis,50 T1-12,50T112.svs,H&E,,,,,2007-07-26,,,,,,,,,,,,,,,,,,,,,,,,,,,,,,,,,,,,,,,,,,,,,,,,,,,,,,,,
,McLaughlin,Acropora,cervicornis,50 T2-12,50T212.svs,H&E,,,,,2007-07-26,,,,,,,,,,,,,,,,,,,,,,,,,,,,,,,,,,,,,,,,,,,,,,,,,,,,,,,,
,McLaughlin,Acropora,cervicornis,50 T1-1,50T11.svs,Gram,,,,,2007-07-26,,,,,,,,,,,,,,,,,,,,,,,,,,,,,,,,,,,,,,,,,,,,,,,,,,,,,,,,
,McLaughlin,Acropora,cervicornis,51 T1-10,51T110.svs,H&E,,,,,2007-07-26,,,,,,,,,,,,,,,,,,,,,,,,,,,,,,,,,,,,,,,,,,,,,,,,,,,,,,,,
,McLaughlin,Acropora,cervicornis,51 T1-4,51T14.svs,Gram,,,,,2007-07-26,,,,,,,,,,,,,,,,,,,,,,,,,,,,,,,,,,,,,,,,,,,,,,,,,,,,,,,,
,McLaughlin,Acropora,cervicornis,51 T2-4,51T24.svs,H&E,,,,,2007-07-26,,,,,,,,,,,,,,,,,,,,,,,,,,,,,,,,,,,,,,,,,,,,,,,,,,,,,,,,
,McLaughlin,Acropora,cervicornis,51 T3 R,51T3R.svs,H&E,,,,,2007-07-26,,,,,,,,,,,,,,,,,,,,,,,,,,,,,,,,,,,,,,,,,,,,,,,,,,,,,,,,
,McLaughlin,Acropora,cervicornis,52 1,52-1.svs,H&E,,,,,2007-07-26,,,,,,,,,,,,,,,,,,,,,,,,,,,,,,,,,,,,,,,,,,,,,,,,,,,,,,,,
,McLaughlin,Acropora,cervicornis,52 R5,52GramRS.svs,Gram,,,,,2007-07-26,,,,,,,,,,,,,,,,,,,,,,,,,,,,,,,,,,,,,,,,,,,,,,,,,,,,,,,,
,McLaughlin,Acropora,cervicornis,52 GMS,52GMS.svs,GMS,,,,,2007-07-26,,,,,,,,,,,,,,,,,,,,,,,,,,,,,,,,,,,,,,,,,,,,,,,,,,,,,,,,
,McLaughlin,Acropora,cervicornis,53 T5,53T5.svs,H&E,,,,,2007-07-26,,,,,,,,,,,,,,,,,,,,,,,,,,,,,,,,,,,,,,,,,,,,,,,,,,,,,,,,
,McLaughlin,Acropora,cervicornis,53 X 3,53X3.svs,H&E,,,,,2007-07-26,,,,,,,,,,,,,,,,,,,,,,,,,,,,,,,,,,,,,,,,,,,,,,,,,,,,,,,,
,McLaughlin,Acropora,cervicornis,54 T4,54T4.svs,H&E,,,,,2007-07-26,,,,,,,,,,,,,,,,,,,,,,,,,,,,,,,,,,,,,,,,,,,,,,,,,,,,,,,,
,McLaughlin,Acropora,cervicornis,54 X 4,54X4.svs,H&E,,,,,2007-07-26,,,,,,,,,,,,,,,,,,,,,,,,,,,,,,,,,,,,,,,,,,,,,,,,,,,,,,,,
,McLaughlin,Acropora,cervicornis,55 T1- 20,55T120.svs,H&E,,,,,2007-07-26,,,,,,,,,,,,,,,,,,,,,,,,,,,,,,,,,,,,,,,,,,,,,,,,,,,,,,,,
,McLaughlin,Acropora,cervicornis,55 T2-24,55T224.svs,H&E,,,,,2007-07-26,,,,,,,,,,,,,,,,,,,,,,,,,,,,,,,,,,,,,,,,,,,,,,,,,,,,,,,,
,McLaughlin,Acropora,cervicornis,55 10,55Cason.svs,Cason's,,,,,2007-07-26,,,,,,,,,,,,,,,,,,,,,,,,,,,,,,,,,,,,,,,,,,,,,,,,,,,,,,,,
,McLaughlin,Acropora,cervicornis,55 T2-21,55T221.svs,Gram,,,,,2007-07-26,,,,,,,,,,,,,,,,,,,,,,,,,,,,,,,,,,,,,,,,,,,,,,,,,,,,,,,,
,McLaughlin,Acropora,cervicornis,56 X5,56X5.svs,H&E,,,,,2007-07-26,,,,,,,,,,,,,,,,,,,,,,,,,,,,,,,,,,,,,,,,,,,,,,,,,,,,,,,,
,McLaughlin,Acropora,cervicornis,56 T8,56T8.svs,H&E,,,,,2007-07-26,,,,,,,,,,,,,,,,,,,,,,,,,,,,,,,,,,,,,,,,,,,,,,,,,,,,,,,,
,McLaughlin,Acropora,cervicornis,56 T2,56T2.svs,Gram,,,,,2007-07-26,,,,,,,,,,,,,,,,,,,,,,,,,,,,,,,,,,,,,,,,,,,,,,,,,,,,,,,,
,McLaughlin,Acropora,cervicornis,57 R2,57R2.svs,H&E,,,,,2007-07-26,,,,,,,,,,,,,,,,,,,,,,,,,,,,,,,,,,,,,,,,,,,,,,,,,,,,,,,,
,McLaughlin,Acropora,cervicornis,57 R11,57R11.svs,H&E,,,,,2007-07-26,,,,,,,,,,,,,,,,,,,,,,,,,,,,,,,,,,,,,,,,,,,,,,,,,,,,,,,,
,McLaughlin,Acropora,cervicornis,57 T2,57T2.svs,Gram,,,,,2007-07-26,,,,,,,,,,,,,,,,,,,,,,,,,,,,,,,,,,,,,,,,,,,,,,,,,,,,,,,,
,McLaughlin,Acropora,cervicornis,57,57Cason.svs,Cason's ,,,,,2007-07-26,,,,,,,,,,,,,,,,,,,,,,,,,,,,,,,,,,,,,,,,,,,,,,,,,,,,,,,,
NOAA,Cheryl Woodley,Porites,divaricata,"Sanfelice 6:22
Formic A H&E",Sanfelice1.svs,H&E,,,,,,2007-07-18,,N,,,,,,,,,,,,,,,,,,,,,,,,,,,,,,,,,,,,,,,,,,,,,,,,,,,,,
NOAA,Cheryl Woodley,Porites,divaricata,"Sanfelice 8:30
Formic H&E",Sanfelice2.svs,H&E,,,,,,2007-07-18,,N,,,,,,,,,,,,,,,,,,,,,,,,,,,,,,,,,,,,,,,,,,,,,,,,,,,,,
NOAA,Cheryl Woodley,Porites,divaricata,"Sanf 6:20
Cal-Rite H&E",Sanfelice3.svs,H&E,,,,,,2007-07-18,,N,,,,,,,,,,,,,,,,,,,,,,,,,,,,,,,,,,,,,,,,,,,,,,,,,,,,,
NOAA,Cheryl Woodley,Porites,divaricata,"Sanfelice 8:30
Cal-Rite H&E",Sanfelice4.svs,H&E,,,,,,2007-07-18,,N,,,,,,,,,,,,,,,,,,,,,,,,,,,,,,,,,,,,,,,,,,,,,,,,,,,,,
NOAA,Cheryl Woodley,Porites,divaricata,"Sanfelice 6:22
HCL H&E",Sanfelice5.svs,H&E,,,,,,2007-07-18,,N,,,,,,,,,,,,,,,,,,,,,,,,,,,,,,,,,,,,,,,,,,,,,,,,,,,,,
NOAA,Cheryl Woodley,Porites,divaricata,"Sanfelice 8:30
HCL H&E",Sanfelice6.svs,H&E,,,,,,2007-07-18,,N,,,,,,,,,,,,,,,,,,,,,,,,,,,,,,,,,,,,,,,,,,,,,,,,,,,,,
NOAA,Cheryl Woodley,Porites,divaricata,"Formal  3:45
Formic H&E 3/1/07",Formal7.svs,H&E,,,,,,2007-07-18,,N,,,,,,,,,,,,,,,,,,,,,,,,,,,,,,,,,,,,,,,,,,,,,,,,,,,,,
NOAA,Cheryl Woodley,Porites,divaricata,"For - Alch 8:20
Formic Acid H&E",Formal8.svs,H&E,,,,,,2007-07-18,,N,,,,,,,,,,,,,,,,,,,,,,,,,,,,,,,,,,,,,,,,,,,,,,,,,,,,,
NOAA,Cheryl Woodley,Porites,divaricata,"Formal - Alc 3:45
Cal-Rite H&E",Formal9.svs,H&E,,,,,,2007-07-18,,N,,,,,,,,,,,,,,,,,,,,,,,,,,,,,,,,,,,,,,,,,,,,,,,,,,,,,
NOAA,Cheryl Woodley,Porites,divaricata,"For. Alch 8:20
Cal-Rite H&E",Formal10.svs,H&E,,,,,,2007-07-18,,N,,,,,,,,,,,,,,,,,,,,,,,,,,,,,,,,,,,,,,,,,,,,,,,,,,,,,
NOAA,Cheryl Woodley,Porites,divaricata,"Formal - Alc 3:45
HCL H&E",Formal11.svs,H&E,,,,,,2007-07-18,,N,,,,,,,,,,,,,,,,,,,,,,,,,,,,,,,,,,,,,,,,,,,,,,,,,,,,,
NOAA,Cheryl Woodley,Porites,divaricata,"Formal - Alcohol 8:20
HCL H&E",Formal12.svs,H&E,,,,,,2007-07-18,,N,,,,,,,,,,,,,,,,,,,,,,,,,,,,,,,,,,,,,,,,,,,,,,,,,,,,,
NOAA,Cheryl Woodley,Porites,divaricata,"Meth 5:21 
Formic H&E",Methacarn13.svs,H&E,,,,,,2007-07-18,,N,,,,,,,,,,,,,,,,,,,,,,,,,,,,,,,,,,,,,,,,,,,,,,,,,,,,,
NOAA,Cheryl Woodley,Porites,divaricata,"Meth 8:35
Formic Ac H&E",Methacarn14.svs,H&E,,,,,,2007-07-18,,N,,,,,,,,,,,,,,,,,,,,,,,,,,,,,,,,,,,,,,,,,,,,,,,,,,,,,
NOAA,Cheryl Woodley,Porites,divaricata,"Meth 5:21 
Cal-Rite H&E",Methacarn15.svs,H&E,,,,,,2007-07-18,,N,,,,,,,,,,,,,,,,,,,,,,,,,,,,,,,,,,,,,,,,,,,,,,,,,,,,,
NOAA,Cheryl Woodley,Porites,divaricata,"Meth 8:35
Cal-Rite H&E",Methacarn16.svs,H&E,,,,,,2007-07-18,,N,,,,,,,,,,,,,,,,,,,,,,,,,,,,,,,,,,,,,,,,,,,,,,,,,,,,,
NOAA,Cheryl Woodley,Porites,divaricata,"Meth 5:21 
HCL H&E",Methacarn17.svs,H&E,,,,,,2007-07-18,,N,,,,,,,,,,,,,,,,,,,,,,,,,,,,,,,,,,,,,,,,,,,,,,,,,,,,,
NOAA,Cheryl Woodley,Porites,divaricata,H. Pylori Ctrl Steiner 3/9/07,H.Pylori18.svs,Steiner ,,,,,,2007-07-18,,N,,,,,,,,,,,,,,,,,,,,,,,,,,,,,,,,,,,,,,,,,,,,,,,,,,,,,
NOAA,Cheryl Woodley,Porites,divaricata,"Sanfelice 8:30
Formic Acid Steiner 3/9/07",Sanfelice20.svs,Steiner ,,,,,,2007-07-18,,N,,,,,,,,,,,,,,,,,,,,,,,,,,,,,,,,,,,,,,,,,,,,,,,,,,,,,
NOAA,Cheryl Woodley,Porites,divaricata,"Sanfelice 6:22
Cal-Rite Steiner 3/9/07",Sanfelice21.svs,Steiner ,,,,,,2007-07-18,,N,,,,,,,,,,,,,,,,,,,,,,,,,,,,,,,,,,,,,,,,,,,,,,,,,,,,,
NOAA,Cheryl Woodley,Porites,divaricata,"Sanfelice 8:30
Cal-Rite Steiner",Sanfelice22.svs,Steiner ,,,,,,2007-07-18,,N,,,,,,,,,,,,,,,,,,,,,,,,,,,,,,,,,,,,,,,,,,,,,,,,,,,,,
NOAA,Cheryl Woodley,Porites,divaricata,"Sanfelice 6:22
HCL ",Sanfelice23.svs,Steiner ,,,,,,2007-07-18,,N,,,,,,,,,,,,,,,,,,,,,,,,,,,,,,,,,,,,,,,,,,,,,,,,,,,,,
NOAA,Cheryl Woodley,Porites,divaricata,"Sanfelice 8:30
HCL Steiner 3/9/07",Sanfelice24.svs,Steiner ,,,,,,2007-07-18,,N,,,,,,,,,,,,,,,,,,,,,,,,,,,,,,,,,,,,,,,,,,,,,,,,,,,,,
NOAA,Cheryl Woodley,Porites,divaricata,"Form. Alco 3:45
Formic Steiner 3/9/07",Formal25.svs,Steiner ,,,,,,2007-07-18,,N,,,,,,,,,,,,,,,,,,,,,,,,,,,,,,,,,,,,,,,,,,,,,,,,,,,,,
NOAA,Cheryl Woodley,Porites,divaricata,"Form. Alcho 8:20
Formic Acid Steiner 3/9/07",Formal26.svs,Steiner ,,,,,,2007-07-18,,N,,,,,,,,,,,,,,,,,,,,,,,,,,,,,,,,,,,,,,,,,,,,,,,,,,,,,
NOAA,Cheryl Woodley,Porites,divaricata,"Form. Alch 8:20
Cal-Rite Steiner 3/9/07",Formal28.svs,Steiner ,,,,,,2007-07-18,,N,,,,,,,,,,,,,,,,,,,,,,,,,,,,,,,,,,,,,,,,,,,,,,,,,,,,,
NOAA,Cheryl Woodley,Porites,divaricata,"Formal-Alc. 3:45
HCL ",Formal29.svs,Steiner ,,,,,,2007-07-18,,N,,,,,,,,,,,,,,,,,,,,,,,,,,,,,,,,,,,,,,,,,,,,,,,,,,,,,
NOAA,Cheryl Woodley,Porites,divaricata,"Formal-Alcohol 8:20
HCL Steiner",Formal30.svs,Steiner ,,,,,,2007-07-18,,N,,,,,,,,,,,,,,,,,,,,,,,,,,,,,,,,,,,,,,,,,,,,,,,,,,,,,
NOAA,Cheryl Woodley,Porites,divaricata,"Methacarn 5:21
Formic Acid Steiner 3/9/07",Methacarn31.svs,Steiner ,,,,,,2007-07-18,,N,,,,,,,,,,,,,,,,,,,,,,,,,,,,,,,,,,,,,,,,,,,,,,,,,,,,,
NOAA,Cheryl Woodley,Porites,divaricata,"Meth.  8:35
Formic Ac. Steiner",Methacarn32.svs,Steiner ,,,,,,2007-07-18,,N,,,,,,,,,,,,,,,,,,,,,,,,,,,,,,,,,,,,,,,,,,,,,,,,,,,,,
NOAA,Cheryl Woodley,Porites,divaricata,"Methacarn 5:21
Cal-Rite Steiner 3/9/07",Methacarn33.svs,Steiner ,,,,,,2007-07-18,,N,,,,,,,,,,,,,,,,,,,,,,,,,,,,,,,,,,,,,,,,,,,,,,,,,,,,,
NOAA,Cheryl Woodley,Porites,divaricata,"Meth  8:35
Cal-Rite Steiner 3/9/07",Methacarn34.svs,Steiner ,,,,,,2007-07-18,,N,,,,,,,,,,,,,,,,,,,,,,,,,,,,,,,,,,,,,,,,,,,,,,,,,,,,,
NOAA,Cheryl Woodley,Porites,divaricata,"Meth 5:21
HCL Steiner",Methacarn35.svs,Steiner ,,,,,,2007-07-18,,N,,,,,,,,,,,,,,,,,,,,,,,,,,,,,,,,,,,,,,,,,,,,,,,,,,,,,
MIAMI FL," Kramarsky-Winter, Esti",Fungia ,scutaria ,B. Day 11/10/07,B-DAY.svs,H&E,,4% formalin in sea water,,June 1999,,,,N,,"Northern Red Sea Gulf of Aqaba (Eilat), Underwaterobservatory(fungiland)",Gonads are found along the mesentaries close to the actinopharynx. When fully developed (mature) they protrude into the gastrovascular cavity ,,,,,,,,,,,,,,,,,,,,,,,,,,,,,,,,,,,,,,,,,,,,,,,,,,
ROYAL NETHERLANDS INSTITUTE FOR SEA RESEARCH,Nugues & Delvoye,Acropora,cytherea,38 WS Band followed by Red Band,38WSBAND.svs,H&E,,Formaldehyde 5%,Rapid tissue loss; suspect white syndrome.,2007-10-14,,,,I,,"Coral Garden, Derawan Island, East Kalimantan, Indonesi ",Generalized infection of coral tissue by an unidentified endolithic fungus leading to large-scale apoptosis and necrosis.,,,,,,,,,,,,,,,,,,,,,,,,,,,,,,,,,,,,,,,,,,,,,,,,,,
James Cook Univ,"Sato, Yui",Montipora,hispida,14 Jan 08 CP H.E. Yui Sato 1,CP.HE.svs,H&E,,10% formalin in seawater,"Microbial aggregations containing cyanobacteria developing on lesions adjacent to apparently healthy coral tissue. Microbial aggregations expand progressively, causing tissue necrosis as the microbial layer advances. ",2008-01-14,,,,I,,"Pelorus Island, Northern sector of the GBR, Queensland, Australia ","Dense cyanobacterial populations grow in necrotic coral tissue, which may be caused by physical damage from penetration of cyanobacterial filaments and/or by other factors such as other pathogenic microorganisms and cyanobacterial toxin(s). ",,,,,,,,,,,,,,,,,,,,,,,,,,,,,,,,,,,,,,,,,,,,,,,,,,
James Cook Univ,"Palmer, Caroline",Porites,massive sp.,PM 3BTS H&E 89 C. Palmer,PM 3BTS.HE.svs,H&E,,4% Paraformaldehyde PBS,Pink discoloration of compromised tissue. ,March 2006,,,,,,"Pioneer Bay, Orpheus Island, Palm Islands, GBR ",General inflammation response induced by direct contact with foreign matter and associated microbial communities. ,,,,,,,,,,,,,,,,,,,,,,,,,,,,,,,,,,,,,,,,,,,,,,,,,,
Israeli Oceanographic & Limnological Research,"Raz-Bat, Michal",Stylophora,pistillata,BROKEN Slide,Mich.AB6.svs,Alcian blue at pH 3 with hematoxylin and eosin counterstain ,,Bouin�s,"The digestive system of the stony coral has not been investigated thoroughly. The literature describes the polyp�s digestive system schematically, as a blind sac divided into compartments by mesenteries lined with the gastrodermis and with numerous mucocytes. My study investigates, using various methods, the detailed microscopic anatomy and function of a coral�s digestive cavity. ",2007-05-03,,,,N,,"Gulf of Eilat (Red Sea), Israel Oceanographic and Limnological Research Laboratory ",Within normal limits ,,,,,,,,,,,,,,,,,,,,,,,,,,,,,,,,,,,,,,,,,,,,,,,,,,
Univ S. FL Diag Lab,"Berzin, Ilze",Montastraea,cavernosa,Mont ann Frag USF Diag Microscopy,MONT ANN FRAG.svs,H&E,,Z-Fix,Within normal limits ,Spring 2005,,,,N,,"Atlantic Ocean/Gulf of Mexico convergence area at Key West, Trumen Annex Navy boat docks, NOAA Key West Headquarters ",Within normal limits ,,,,,,,,,,,,,,,,,,,,,,,,,,,,,,,,,,,,,,,,,,,,,,,,,,
Univ S. FL Diag Lab,"Kilgore, Kathy",Montastraea,annularis,Mont Cav Frag 1 USF Diag Microscopy,MONT CAV FRAG 1.svs,H&E,,Z-Fix,Within normal limits ,Spring 2005,,,,N,,"Atlantic Ocean/Gulf of Mexico convergence area at Key West, Trumen Annex Navy boat docks, NOAA Key West Headquarters ",Within normal limits ,,,,,,,,,,,,,,,,,,,,,,,,,,,,,,,,,,,,,,,,,,,,,,,,,,
Univ S. FL Diag Lab,"Yanong, Roy",Montastraea,faveolata,Mont Fav Parent 1 deeper USFDiag Microscopy,MONT FAV PARENT.svs,H&E,,Z-Fix,Within normal limits ,Spring 2005,,,,N,,"Atlantic Ocean/Gulf of Mexico convergence area at Key West, Trumen Annex Navy boat docks, NOAA Key West Headquarters ",Within normal limits ,,,,,,,,,,,,,,,,,,,,,,,,,,,,,,,,,,,,,,,,,,,,,,,,,,
NCRI - NOVA,"Renegar, Abby",Agaricia,agaricites,DSS D1 A. aga 1,DSS D1 A AGA 1.svs,Movat�s modified pentachrome ,,2% glutaraldehyde in sodium cacodylate buffered seawater ,Dark spot syndrome (DSS) ,June 2007,,,,I,,"Caribbean, Bahamas","Multifocal infection of unidentified microorganism, possibly a thraustochytrid or other Labyrinthulomycota (Azevedo & Corral 1997) ",,,,,,,,,,,,,,,,,,,,,,,,,,,,,,,,,,,,,,,,,,,,,,,,,,
NCRI - NOVA,"St. Gelais, Adam",Siderastrea,siderea,Hills RPN 377 S. sid 11-8-07 2,RPN 377 S.svs,Heidenhain�s azocarmine-aniline blue ,,Z-Fix,Potential bleaching in reproductively active species. ,2007-11-08,,,,N,,"North Atlantic, High Cover Site 2 (HC2), inshore reef, Broward County, Florida","Possible spawning event with resorption of unspawned ova into the gastrodermis, or complete resorption of oocytes and �skipped� spawning due to prolonged elevated temperatures. ",,,,,,,,,,,,,,,,,,,,,,,,,,,,,,,,,,,,,,,,,,,,,,,,,,
NCRI - NOVA,"Moulding, Alison",Madracis,decactis,Hills RPN 10-3-07 M. dec 315 1,RPN 315-1.svs,Heidenhain�s aniline blue ,,Z-Fix,Colony appeared healthy (within normal limits) ,2007-10-03,,,,N,,"AtlanticOcean, Broward County, Florida, at about 10 m depth",Spawning. The presence of sperm in the gastrovascular cavity indicates preparation for ,,,,,,,,,,,,,,,,,,,,,,,,,,,,,,,,,,,,,,,,,,,,,,,,,,
NOVA Southeastern Univ.,"Smith, Abraham",Acropora,cervicornis,SCI WBD RP 7-19-02 Sick?,01.svs,H&E,,Z-Fix,"Visible tissue loss starting near base of branches with algal colonization proximal to the margin of tissue loss, appears to be a slower-advancing type of white band syndrome. ",2002-07-19,,,,I,,"Southwestern Atlantic, Scooter, Fort Lauderdale, Florida, USA",Bacterial aggregates not present in this sample; cells look stressed but not as much as expected; a few oocytes look degraded. ,,,,,,,,,,,,,,,,,,,,,,,,,,,,,,,,,,,,,,,,,,,,,,,,,,
NOVA Southeastern Univ.,"Foster, Kristi",Porites,harrisoni,BVTN-59 13 Aug 07 P. harrisoni #2 HH,02.svs,Modified Heidenhain�s azocarmine-aniline blue ,,Z-Fix (1 part) and seawater (4 parts),No visible signs of heat stress or bleaching. Colonies appear healthy. ,2007-08-13,,,,N,,"Southeastern Arabian Gulf, Bu Tinah Island, Abu Dhabi, United Arab Emirates, approximately 3 m depth","Normal, unaffected by average summer maximum water temperature of 35�C (95�F) ",,,,,,,,,,,,,,,,,,,,,,,,,,,,,,,,,,,,,,,,,,,,,,,,,,
GMU,Esther Peters,772,,2005 39-3 D5? 1,03.svs,,,,,,,,,,,,"6 = Coral parasites, pathogens, diseases ",,,,,,,,,,,,,,,,,,,,,,,,,,,,,,,,,,,,,,,,,,,,,,,,,,
GMU,Esther Peters,773,,2005-21 BCl2D4 1,04.svs,,,,,,,,,,,,"6 = Coral parasites, pathogens, diseases ",,,,,,,,,,,,,,,,,,,,,,,,,,,,,,,,,,,,,,,,,,,,,,,,,,
GMU,Esther Peters,774,,15440-5B Type 1 Rc,05.svs,,,,,,,,,,,,4 = Growth anomalies ,,,,,,,,,,,,,,,,,,,,,,,,,,,,,,,,,,,,,,,,,,,,,,,,,,
GMU,Esther Peters,775,,15440-5A Type 1 Rc,06.svs,,,,,,,,,,,,4 = Growth anomalies ,,,,,,,,,,,,,,,,,,,,,,,,,,,,,,,,,,,,,,,,,,,,,,,,,,
GMU,Esther Peters,779,,15440-22A Type-2 Rc,07.svs,,,,,,,,,,,,4 = Growth anomalies ,,,,,,,,,,,,,,,,,,,,,,,,,,,,,,,,,,,,,,,,,,,,,,,,,,
GMU,Esther Peters,802,,15440-34B Type 3 Rc,08.svs,,,,,,,,,,,,4 = Growth anomalies ,,,,,,,,,,,,,,,,,,,,,,,,,,,,,,,,,,,,,,,,,,,,,,,,,,
GMU,Esther Peters,803,,15440-34A Type 3 Rc,09.svs,,,,,,,,,,,,4 = Growth anomalies ,,,,,,,,,,,,,,,,,,,,,,,,,,,,,,,,,,,,,,,,,,,,,,,,,,
GMU,Esther Peters,Favia,fragum,8B-3064 ERLHU,10.svs,,,,,,,,,,,,3 = Reproduction ,,,,,,,,,,,,,,,,,,,,,,,,,,,,,,,,,,,,,,,,,,,,,,,,,,
GMU,Esther Peters,Favia,fragum,83-3064 ERLHU,11.svs,,,,,,,,,,,,3 = Reproduction ,,,,,,,,,,,,,,,,,,,,,,,,,,,,,,,,,,,,,,,,,,,,,,,,,,
GMU,Esther Peters,Siderastrea,siderea,80-1405 1 ERLHU,12.svs,,,,,,,,,,,,3 = Reproduction ,,,,,,,,,,,,,,,,,,,,,,,,,,,,,,,,,,,,,,,,,,,,,,,,,,
GMU,Esther Peters,Millepora,sp.,83-3070 ERLHU,13.svs,,,,,,,,,,,,5 = Other species,,,,,,,,,,,,,,,,,,,,,,,,,,,,,,,,,,,,,,,,,,,,,,,,,,
GMU,Esther Peters,Montastraea,annularis,LSI93115 HL P M CAV Oral Fix #1 coral,14.svs,,,,,,,,,,,,"1 = Fixation, staining comparative, Helly's Fixative",,,,,,,,,,,,,,,,,,,,,,,,,,,,,,,,,,,,,,,,,,,,,,,,,,
GMU,Esther Peters,Montastraea,annularis,LSI93115 #1 STF L M CAV X SEC FIX Coral,15.svs,,,,,,,,,,,,"1 = Fixation, staining comparative Streck Tissue Fixative",,,,,,,,,,,,,,,,,,,,,,,,,,,,,,,,,,,,,,,,,,,,,,,,,,
GMU,Esther Peters,Montastraea,annularis,LSI93115 HC L M CAV Oral Fix #1 Coral,16.svs,,,,,,,,,,,,"1 = Fixation, staining comparativeHistoChoice Fixative, ",,,,,,,,,,,,,,,,,,,,,,,,,,,,,,,,,,,,,,,,,,,,,,,,,,
GMU,Esther Peters,Montastraea,cavernosa,2001-83 1 SWF Pix H&E M. cavernosa,17.svs,,,,,,,,,,,,,,,,,,,,,,,,,,,,,,,,,,,,,,,,,,,,,,,,,,,,,,,,,,,,,,
GMU,Esther Peters,Montastraea,cavernosa,2001-85 2-1 M. cavernosa CTR small lesion Helly's H&E,18.svs,,,,,,,,,,,,"1 = Fixation, staining comparative",,,,,,,,,,,,,,,,,,,,,,,,,,,,,,,,,,,,,,,,,,,,,,,,,,
GMU,Esther Peters,Montastraea,cavernosa,2001-85 2-2 M. cavernosa CTR small lesion Helly's Cason's,19.svs,,,,,,,,,,,,"1 = Fixation, staining comparative",,,,,,,,,,,,,,,,,,,,,,,,,,,,,,,,,,,,,,,,,,,,,,,,,,
GMU,Esther Peters,Sponge,species unknown,2001-87 1 H&E sponge,20.svs,,,,,,,,,,,,5 = Other species ,,,,,,,,,,,,,,,,,,,,,,,,,,,,,,,,,,,,,,,,,,,,,,,,,,
GMU,Esther Peters,Sponge,species unknown,2001-87 2 Cason's sponge,21.svs,,,,,,,,,,,,5 = Other species,,,,,,,,,,,,,,,,,,,,,,,,,,,,,,,,,,,,,,,,,,,,,,,,,,
GMU,Esther Peters,Porites,astreoides,83-254C 1 embryo & early larva ERLHU,22.svs,,,,,,,,,,,,3 = Reproduction,,,,,,,,,,,,,,,,,,,,,,,,,,,,,,,,,,,,,,,,,,,,,,,,,,
GMU,Esther Peters,Colpophyllia,natans,ERLHU 80-1318 2,23.svs,,,,,,,,,,,,"1 = Fixation, staining comparative ",,,,,,,,,,,,,,,,,,,,,,,,,,,,,,,,,,,,,,,,,,,,,,,,,,
GMU,Esther Peters,Porites,porites,86-1 Base of colony (pink label),24.svs,,,,,,,,,,,,"1 = Fixation, staining comparative ",,,,,,,,,,,,,,,,,,,,,,,,,,,,,,,,,,,,,,,,,,,,,,,,,,
GMU,Esther Peters,Porites,porites,86-1 Base of colony HAB,25.svs,,,,,,,,,,,,"1 = Fixation, staining comparative ",,,,,,,,,,,,,,,,,,,,,,,,,,,,,,,,,,,,,,,,,,,,,,,,,,
GMU,Esther Peters,Dendrogyra,cylindrus,84-X15 2 ERLHU,26.svs,,,,,,,,,,,,"6 = Coral parasites, pathogens, diseases ",,,,,,,,,,,,,,,,,,,,,,,,,,,,,,,,,,,,,,,,,,,,,,,,,,
GMU,Esther Peters,Porites,astreoides,LSI931107F POR AST #1 XSEC Bleach coral B (w/ arrow on slide),27.svs,,,,,,,,,,,,"6 = Coral parasites, pathogens, diseases",,,,,,,,,,,,,,,,,,,,,,,,,,,,,,,,,,,,,,,,,,,,,,,,,,
GMU,Esther Peters,Porites,astreoides,Corner of slide broken - LSI931 POR AST XSEC Bleach Coral,28.svs,,,,,,,,,,,,"6 = Coral parasites, pathogens, diseases",,,,,,,,,,,,,,,,,,,,,,,,,,,,,,,,,,,,,,,,,,,,,,,,,,
GMU,Esther Peters,Diploria,strigosa,82-1838 GrE Cbe Por ERLHU,29.svs,,,,,,,,,,,,"6 = Coral parasites, pathogens, diseases ",,,,,,,,,,,,,,,,,,,,,,,,,,,,,,,,,,,,,,,,,,,,,,,,,,
GMU,Esther Peters,Porites,furcata,82-1596 ERLHU,30.svs,,,,,,,,,,,,"6 = Coral parasites, pathogens, diseases ",,,,,,,,,,,,,,,,,,,,,,,,,,,,,,,,,,,,,,,,,,,,,,,,,,
GMU,Esther Peters,Acropora,palmata,ERLHU 81-207 3,31.svs,,,,,,,,,,,,"6 = Coral parasites, pathogens, diseases ",,,,,,,,,,,,,,,,,,,,,,,,,,,,,,,,,,,,,,,,,,,,,,,,,,
GMU,Esther Peters,Dichocoenia,stokesii,86-68 Cason's,32.svs,,,,,,,,,,,,"6 = Coral parasites, pathogens, diseases ",,,,,,,,,,,,,,,,,,,,,,,,,,,,,,,,,,,,,,,,,,,,,,,,,,
GMU,Esther Peters,Diploria,strigosa,80-1382 4 TMBB 2,33.svs,,,,,,,,,,,,"6 = Coral parasites, pathogens, diseases ",,,,,,,,,,,,,,,,,,,,,,,,,,,,,,,,,,,,,,,,,,,,,,,,,,
GMU,Esther Peters,Montastraea,annularis,ERLHU 80-1412 4,34.svs,,,,,,,,,,,,"6 = Coral parasites, pathogens, diseases ",,,,,,,,,,,,,,,,,,,,,,,,,,,,,,,,,,,,,,,,,,,,,,,,,,
University of the Ryukyus,Naoko Yasuda,Porites,australiensis,0-1,O-1.svs,,,,Skeletal anomaly,,,,,,,,4 = Growth anomalies,,,,,,,,,,,,,,,,,,,,,,,,,,,,,,,,,,,,,,,,,,,,,,,,,,
University of the Ryukyus,Naoko Yasuda,Porites,australiensis,SA-1,SA-1.svs,,,,Skeletal anomaly,,,,,,,,4 = Growth anomalies ,,,,,,,,,,,,,,,,,,,,,,,,,,,,,,,,,,,,,,,,,,,,,,,,,,
University of the Ryukyus,Naoko Yasuda,Porites,australiensis,0-2,O-2.svs,,,,Skeletal anomaly,,,,,,,,4 = Growth anomalies,,,,,,,,,,,,,,,,,,,,,,,,,,,,,,,,,,,,,,,,,,,,,,,,,,
University of the Ryukyus,Naoko Yasuda,Porites,australiensis,SA-2,SA-2.svs,,,,Skeletal anomaly,,,,,,,,4 = Growth anomalies,,,,,,,,,,,,,,,,,,,,,,,,,,,,,,,,,,,,,,,,,,,,,,,,,,
University of the Ryukyus,Naoko Yasuda,Porites,australiensis,O-3,O-3.svs,,,,Skeletal anomaly,,,,,,,,4 = Growth anomalies ,,,,,,,,,,,,,,,,,,,,,,,,,,,,,,,,,,,,,,,,,,,,,,,,,,
University of the Ryukyus,Naoko Yasuda,Porites,australiensis,SA-3,SA-3.svs,,,,Skeletal anomaly,,,,,,,,4 = Growth anomalies,,,,,,,,,,,,,,,,,,,,,,,,,,,,,,,,,,,,,,,,,,,,,,,,,,
University of the Ryukyus,Naoko Yasuda,Porites,australiensis,O-4,O-4.svs,,,,Skeletal anomaly,,,,,,,,4 = Growth anomalies ,,,,,,,,,,,,,,,,,,,,,,,,,,,,,,,,,,,,,,,,,,,,,,,,,,
University of the Ryukyus,Naoko Yasuda,Porites,australiensis,SA-4,SA-4.svs,,,,Skeletal anomaly,,,,,,,,4 = Growth anomalies,,,,,,,,,,,,,,,,,,,,,,,,,,,,,,,,,,,,,,,,,,,,,,,,,,
GMU,Esther Peters,Gorgonia,ventalina,Sea Fan S-3 Decu1,Sea Fan.svs,,,,15-Katharine Holder,,,,,,,,5 = Other speciesb,,,,,,,,,,,,,,,,,,,,,,,,,,,,,,,,,,,,,,,,,,,,,,,,,,
,Thierry Work,Porites,sp.,20756-104A,1593.svs,H&E,,Zfix-CalexII-Paraffin-5 um,Discoloration,2006-01-28,,,Colony fragment,N,Disease survey,"Vatiadf, Tutuila",Inflammation,,,,,,,,,,,,,,,,,,,,,,,,,,,,,,,,,,,,,,,,,,,,,,,,,,
,Thierry Work,Porites,sp.,20756-105A,1594.svs,H&E,,Zfix-CalexII-Paraffin-5 um,Discoloration,2006-01-28,,,Colony fragment,N,Disease survey,"Vatiadf, Tutuila",Necrosis,,,,,,,,,,,,,,,,,,,,,,,,,,,,,,,,,,,,,,,,,,,,,,,,,,
,Thierry Work,Porites,sp.,20756-106A,1595.svs,H&E,,Zfix-CalexII-Paraffin-5 um,Undetermined,2006-01-28,,,Colony fragment,N,Disease survey,"Vatiadf, Tutuila",Undetermined-Normal tissue,,,,,,,,,,,,,,,,,,,,,,,,,,,,,,,,,,,,,,,,,,,,,,,,,,
,Thierry Work,Porites,sp.,20756-107A,1596.svs,H&E,,Zfix-CalexII-Paraffin-5 um,Discoloration,2006-01-28,,,Colony fragment,N,Disease survey,"Vatiadf, Tutuila",Inflammation,,,,,,,,,,,,,,,,,,,,,,,,,,,,,,,,,,,,,,,,,,,,,,,,,,
,Thierry Work,Montipora,sp.,20756-114A,1597.svs,H&E,,Zfix-CalexII-Paraffin-5 um,Discoloration,2006-01-30,,,Colony fragment,N,Disease survey,"Aunuudf, Aunuu",Bleaching,,,,,,,,,,,,,,,,,,,,,,,,,,,,,,,,,,,,,,,,,,,,,,,,,,
,Thierry Work,Montipora,sp.,20756-115A,1598.svs,H&E,,Zfix-CalexII-Paraffin-5 um,Undetermined,2006-01-30,,,Colony fragment,N,Disease survey,"Aunuudf, Aunuu",Undetermined-Normal tissue,,,,,,,,,,,,,,,,,,,,,,,,,,,,,,,,,,,,,,,,,,,,,,,,,,
,Thierry Work,Diploastrea,heliopora,20756-123A,1599.svs,H&E,,Zfix-CalexII-Paraffin-5 um,Undetermined,2006-01-31,,,Colony fragment,I,Disease survey,"Larsens, Tutuila",Fungal infection,,,,,,,,,,,,,,,,,,,,,,,,,,,,,,,,,,,,,,,,,,,,,,,,,,
,Thierry Work,Diploastrea,heliopora,20756-124A,1600.svs,H&E,,Zfix-CalexII-Paraffin-5 um,Growth anomaly umbonate,2006-01-31,,,Colony fragment,I,Disease survey,"Larsens, Tutuila",Bleaching + metazoan,,,,,,,,,,,,,,,,,,,,,,,,,,,,,,,,,,,,,,,,,,,,,,,,,,
,Thierry Work,Platygyra,daedalea,20756-45A,1583.svs,H&E,,Zfix-CalexII-Paraffin-5 um,Undetermined,2006-01-22,,,Colony fragment,N,Disease survey,"Pool 600, Ofu",Undetermined-Normal tissue,,,,,,,,,,,,,,,,,,,,,,,,,,,,,,,,,,,,,,,,,,,,,,,,,,
,Thierry Work,Goniastrea,edwardsi,20756-53A,1584.svs,H&E,,Zfix-CalexII-Paraffin-5 um,Tissue loss,2006-01-22,,,Colony fragment,I,Disease survey,"Pool 500, Ofu",Fungal infection,,,,,,,,,,,,,,,,,,,,,,,,,,,,,,,,,,,,,,,,,,,,,,,,,,
,Thierry Work,Goniastrea,edwardsi,20756-54A,1588.svs,H&E,,Zfix-CalexII-Paraffin-5 um,Undetermined,2006-01-22,,,Colony fragment,I,Disease survey,"Pool 500, Ofu",Fungal infection,,,,,,,,,,,,,,,,,,,,,,,,,,,,,,,,,,,,,,,,,,,,,,,,,,
,Thierry Work,Platygyra,daedalea,20756-57A,1589.svs,H&E,,Zfix-CalexII-Paraffin-5 um,Tissue loss,2006-01-22,,,Colony fragment,I,Disease survey,"Pool 500, Ofu",Bleaching+Algae,,,,,,,,,,,,,,,,,,,,,,,,,,,,,,,,,,,,,,,,,,,,,,,,,,
,Thierry Work,Platygyra,daedalea,20756-58A,1590.svs,H&E,,Zfix-CalexII-Paraffin-5 um,Undetermined,2006-01-22,,,Colony fragment,N,Disease survey,"Pool 500, Ofu",Undetermined-Normal tissue,,,,,,,,,,,,,,,,,,,,,,,,,,,,,,,,,,,,,,,,,,,,,,,,,,
,Thierry Work,Goniastrea,edwardsi,20756-69A,1591.svs,H&E,,Zfix-CalexII-Paraffin-5 um,Tissue loss,2006-01-24,,,Colony fragment,I,Disease survey,"Pool 400, Ofu",Bleaching+fungal infection,,,,,,,,,,,,,,,,,,,,,,,,,,,,,,,,,,,,,,,,,,,,,,,,,,
,Thierry Work,Astreopora,myriophthalma,20756-70A,1592.svs,H&E,,Zfix-CalexII-Paraffin-5 um,Discoloration,2006-01-24,,,Colony fragment,I,Disease survey,"Pool 400, Ofu",Fungal infection,,,,,,,,,,,,,,,,,,,,,,,,,,,,,,,,,,,,,,,,,,,,,,,,,,
,Thierry Work,Pocillopora,eydouxi,20799-31A,1605.svs,H&E,,Zfix-CalexII-Paraffin-5 um,Undetermined,2006-06-01,,,Colony fragment,N,Disease survey,"Johnston-Unknown, Johnston Atoll",Undetermined-Normal tissue,,,,,,,,,,,,,,,,,,,,,,,,,,,,,,,,,,,,,,,,,,,,,,,,,,
,Thierry Work,Pocillopora,eydouxi,20799-32A,1606.svs,H&E,,Zfix-CalexII-Paraffin-5 um,Growth anomaly,2006-06-01,,,Colony fragment,N,Disease survey,"Johnston-Unknown, Johnston Atoll",Undetermined,,,,,,,,,,,,,,,,,,,,,,,,,,,,,,,,,,,,,,,,,,,,,,,,,,
,Thierry Work,Acropora,cytherea,20799-4A,1602.svs,H&E,,Zfix-CalexII-Paraffin-5 um,Undetermined,2006-05-23,,,Colony fragment,N,Disease survey,"Ffs-tc21, French Frigate Shoals",Undetermined-Normal tissue,,,,,,,,,,,,,,,,,,,,,,,,,,,,,,,,,,,,,,,,,,,,,,,,,,
,Thierry Work,Acropora,cytherea,20799-5A,1601.svs,H&E,,Zfix-CalexII-Paraffin-5 um,Growth anomaly exophytic,2006-05-23,,,Colony fragment,N,Disease survey,"Ffs-tc21, French Frigate Shoals",Hyperplasia of basal body wall,,,,,,,,,,,,,,,,,,,,,,,,,,,,,,,,,,,,,,,,,,,,,,,,,,
,Thierry Work,Acropora,cytherea,20799-6A,1603.svs,H&E,,Zfix-CalexII-Paraffin-5 um,Undetermined,2006-05-23,,,Colony fragment,N,Disease survey,"Ffs-tc21, French Frigate Shoals",Undetermined-Normal tissue,,,,,,,,,,,,,,,,,,,,,,,,,,,,,,,,,,,,,,,,,,,,,,,,,,
,Thierry Work,Acropora,cytherea,20799-8A,1604.svs,H&E,,Zfix-CalexII-Paraffin-5 um,Discoloration,2006-05-25,,,Colony fragment,N,Disease survey,"French Frigate Shoals-Unknown, French Frigate Shoals",Undetermined,,,,,,,,,,,,,,,,,,,,,,,,,,,,,,,,,,,,,,,,,,,,,,,,,,
,Thierry Work,Montipora,capitata,20909-10A,1608.svs,H&E,,Zfix-CalexII-Paraffin-5 um,Tissue loss and discoloration,2007-02-27,,,Colony fragment,I,Disease survey,"Kaneohe Bay, Honolulu",Necrosis+ciliates,,,,,,,,,,,,,,,,,,,,,,,,,,,,,,,,,,,,,,,,,,,,,,,,,,
,Thierry Work,Montipora,capitata,20909-143-A,1615.svs,H&E,,Zfix-CalexII-Paraffin-5 um,Tissue loss acute focal,2007-06-15,,,Colony fragment,N,Disease survey,"Kaneohe Bay, Honolulu",Healing,,,,,,,,,,,,,,,,,,,,,,,,,,,,,,,,,,,,,,,,,,,,,,,,,,
,Thierry Work,Montipora,capitata,20909-143-B,1616.svs,H&E,,Zfix-CalexII-Paraffin-5 um,Tissue loss acute focal,2007-06-15,,,Colony fragment,N,Disease survey,"Kaneohe Bay, Honolulu",Healing,,,,,,,,,,,,,,,,,,,,,,,,,,,,,,,,,,,,,,,,,,,,,,,,,,
,Thierry Work,Montipora,capitata,20909-146-A,1617.svs,H&E,,Zfix-CalexII-Paraffin-5 um,Tissue loss acute and chronic diffuse,2007-06-15,,,Colony fragment,I,Disease survey,"Kaneohe Bay, Honolulu",Necrosis+Beggiatoa suspect,,,,,,,,,,,,,,,,,,,,,,,,,,,,,,,,,,,,,,,,,,,,,,,,,,
,Thierry Work,Montipora,capitata,20909-69A,1609.svs,H&E,,Zfix-CalexII-Paraffin-5 um,Tissue loss acute diffuse distinct,2007-04-20,,,Colony fragment,I,Disease survey,"Kaneohe Bay, Honolulu",Healing+Metazoan,,,,,,,,,,,,,,,,,,,,,,,,,,,,,,,,,,,,,,,,,,,,,,,,,,
,Thierry Work,Montipora,capitata,20909-71A,1610.svs,H&E,,Zfix-CalexII-Paraffin-5 um,Undetermined,2007-04-20,,,Colony fragment,N,Disease survey,"Kaneohe Bay, Honolulu",Healing,,,,,,,,,,,,,,,,,,,,,,,,,,,,,,,,,,,,,,,,,,,,,,,,,,
,Thierry Work,Montipora,capitata,20909-83A,1611.svs,H&E,,Zfix-CalexII-Paraffin-5 um,Undetermined,2007-04-20,,,Colony fragment,I,Disease survey,"Kaneohe Bay, Honolulu",Metazoan,,,,,,,,,,,,,,,,,,,,,,,,,,,,,,,,,,,,,,,,,,,,,,,,,,
,Thierry Work,Montipora,capitata,20909-85A,1612.svs,H&E,,Zfix-CalexII-Paraffin-5 um,Tissue loss subacute diffuse,2007-04-20,,,Colony fragment,N,Disease survey,"Kaneohe Bay, Honolulu",Healing,,,,,,,,,,,,,,,,,,,,,,,,,,,,,,,,,,,,,,,,,,,,,,,,,,
,Thierry Work,Montipora,capitata,20909-86A,1613.svs,H&E,,Zfix-CalexII-Paraffin-5 um,Undetermined,2007-05-03,,,Colony fragment,I,Disease survey,"Kaneohe Bay, Honolulu",Metazoan,,,,,,,,,,,,,,,,,,,,,,,,,,,,,,,,,,,,,,,,,,,,,,,,,,
,Thierry Work,Montipora,capitata,20909-87A,1614.svs,H&E,,Zfix-CalexII-Paraffin-5 um,Tissue loss acute diffuse indistinct,2007-05-03,,,Colony fragment,I,Disease survey,"Kaneohe Bay, Honolulu",Metazoan,,,,,,,,,,,,,,,,,,,,,,,,,,,,,,,,,,,,,,,,,,,,,,,,,,
,Thierry Work,Montipora,capitata,20909-9A,1607.svs,H&E,,Zfix-CalexII-Paraffin-5 um,Undetermined,2007-02-27,,,Colony fragment,I,Disease survey,"Kaneohe Bay, Honolulu",Ciliate,,,,,,,,,,,,,,,,,,,,,,,,,,,,,,,,,,,,,,,,,,,,,,,,,,
,Thierry Work,Fungia,concinna,21139-21A,1620.svs,H&E,,Zfix-CalexII-Paraffin-5 um,Growth anomaly exophytic,2008-08-11,,,Colony fragment,I,Disease survey,"PSm, Palmyra",Dystrophy+Crustacea,,,,,,,,,,,,,,,,,,,,,,,,,,,,,,,,,,,,,,,,,,,,,,,,,,
,Thierry Work,Fungia,concinna,21139-21B,1621.svs,H&E,,Zfix-CalexII-Paraffin-5 um,Growth anomaly exophytic,2008-08-11,,,Colony fragment,I,Disease survey,"PSm, Palmyra",Dystrophy+Crustacea,,,,,,,,,,,,,,,,,,,,,,,,,,,,,,,,,,,,,,,,,,,,,,,,,,
,Thierry Work,Montipora,hoffmeisteri,21139-27A,1622.svs,H&E,,Zfix-CalexII-Paraffin-5 um,Growth anomaly umbonate,2008-08-12,,,Colony fragment,N,Disease survey,"Tort Buoy, Palmyra",Hyperplasia of basal body wall+Algae,,,,,,,,,,,,,,,,,,,,,,,,,,,,,,,,,,,,,,,,,,,,,,,,,,
,Thierry Work,Montipora,hoffmeisteri,21139-27B,1623.svs,H&E,,Zfix-CalexII-Paraffin-5 um,Growth anomaly umbonate,2008-08-12,,,Colony fragment,N,Disease survey,"Tort Buoy, Palmyra",Hyperplasia of basal body wall+Algae,,,,,,,,,,,,,,,,,,,,,,,,,,,,,,,,,,,,,,,,,,,,,,,,,,
,Thierry Work,Montipora,efflorescens,21139-5A,1619.svs,H&E,,Zfix-CalexII-Paraffin-5 um,Growth anomaly umbonate,2008-07-29,,,Colony fragment,N,Disease survey,"NB, Palmyra",Hyperplasia of basal body wall,,,,,,,,,,,,,,,,,,,,,,,,,,,,,,,,,,,,,,,,,,,,,,,,,,
,Thierry Work,Montipora,efflorescens,21139-5B,1618.svs,H&E,,Zfix-CalexII-Paraffin-5 um,Growth anomaly umbonate,2008-07-29,,,Colony fragment,N,Disease survey,"NB, Palmyra",Hyperplasia of basal body wall,,,,,,,,,,,,,,,,,,,,,,,,,,,,,,,,,,,,,,,,,,,,,,,,,,
,Thierry Work,Montipora,dilitata-caliculata,21199-12A,1624.svs,H&E,,Zfix-CalexII-Paraffin-5 um,Tissue loss,2008-11-10,,,Colony fragment,I,Disease survey,"North Barren, Palmyra",Healing+polychaete,,,,,,,,,,,,,,,,,,,,,,,,,,,,,,,,,,,,,,,,,,,,,,,,,,
,Thierry Work,Montipora,efflorescens,21199-20A,1625.svs,H&E,,Zfix-CalexII-Paraffin-5 um,Growth anomaly,2008-11-21,,,Colony fragment,N,Disease survey,"WTBuoy, Palmyra",Hyperplasia of basal body wall+Algae,,,,,,,,,,,,,,,,,,,,,,,,,,,,,,,,,,,,,,,,,,,,,,,,,,
,Thierry Work,Montipora,hoffmeisteri,21199-21A,1626.svs,H&E,,Zfix-CalexII-Paraffin-5 um,Growth anomaly,2008-11-21,,,Colony fragment,N,Disease survey,"WTBuoy, Palmyra",Hyperplasia of basal body wall,,,,,,,,,,,,,,,,,,,,,,,,,,,,,,,,,,,,,,,,,,,,,,,,,,
,Thierry Work,Porites,rus,21214-10A,1628.svs,H&E,,Zfix-CalexII-Paraffin-5 um,Bleaching,2009-02-05,,,Colony fragment,N,Disease survey,"Kona, Hawaii",Atrophy,,,,,,,,,,,,,,,,,,,,,,,,,,,,,,,,,,,,,,,,,,,,,,,,,,
,Thierry Work,Porites,rus,21214-8A,1627.svs,H&E,,Zfix-CalexII-Paraffin-5 um,Bleaching,2009-02-05,,,Colony fragment,N,Disease survey,"Kona, Hawaii",Necrosis,,,,,,,,,,,,,,,,,,,,,,,,,,,,,,,,,,,,,,,,,,,,,,,,,,
,Thierry Work,Acropora,digitifera,21312-10A,1631.svs,H&E,,Zfix-CalexII-Paraffin-5 um,Discoloration diffuse,2009-07-15,,,Colony fragment,N,Disease survey,"WT, Palmyra",Fragmentation,,,,,,,,,,,,,,,,,,,,,,,,,,,,,,,,,,,,,,,,,,,,,,,,,,
,Thierry Work,Fungia,concinna,21312-34A,1632.svs,H&E,,Zfix-CalexII-Paraffin-5 um,Growth anomaly,2009-07-28,,,Colony fragment,I,Disease survey,"Ti, Palmyra",Crustacea,,,,,,,,,,,,,,,,,,,,,,,,,,,,,,,,,,,,,,,,,,,,,,,,,,
,Thierry Work,Acropora,acuminata,21312-5A,1629.svs,H&E,,Zfix-CalexII-Paraffin-5 um,Normal tissue,2009-07-11,,,Colony fragment,N,Disease survey,"PSm, Palmyra",Undetermined-Normal tissue,,,,,,,,,,,,,,,,,,,,,,,,,,,,,,,,,,,,,,,,,,,,,,,,,,
,Thierry Work,Acropora,acuminata,21312-6A,1635.svs,H&E,,Zfix-CalexII-Paraffin-5 um,Tissue loss acute diffuse to focal distinct,2009-07-11,,,Colony fragment,N,Disease survey,"PSm, Palmyra",Healing,,,,,,,,,,,,,,,,,,,,,,,,,,,,,,,,,,,,,,,,,,,,,,,,,,
,Thierry Work,Acropora,digitifera,21312-9A,1630.svs,H&E,,Zfix-CalexII-Paraffin-5 um,Normal tissue,2009-07-15,,,Colony fragment,N,Disease survey,"WT, Palmyra",Undetermined-Normal tissue,,,,,,,,,,,,,,,,,,,,,,,,,,,,,,,,,,,,,,,,,,,,,,,,,,
,Thierry Work,Porites,lobata,21506-11A,1634.svs,H&E,,Zfix-CalexII-Paraffin-5 um,Tissue loss diffuse subacute,2010-06-29,,,Colony fragment,N,Disease survey,"Manuka, Hawaii",Necrosis,,,,,,,,,,,,,,,,,,,,,,,,,,,,,,,,,,,,,,,,,,,,,,,,,,
,Thierry Work,Porites,compressa,21506-4A,1633.svs,H&E,,Zfix-CalexII-Paraffin-5 um,Euthanasia,2009-03-10,,,Colony fragment,N,Disease survey,"Keauhou, Hawaii",Undetermined-Normal tissue,,,,,,,,,,,,,,,,,,,,,,,,,,,,,,,,,,,,,,,,,,,,,,,,,,
GMU,Esther Peters,Colpophyllia,natans,2005-105 1,29757.svs,Hematoxylin & Eosin,,"Z-Fix:seawater (1:4), 10% EDTA pH 7 decal",Growing margin,2005-08-14,,,301,,Florida Keys Disease Course: Growing/Receding Margins,"East of (outside) Looe Key Research, 18-ft",,,,,,,,,,,,,,,,,,,,,,,,,,,,,,,,,,,,,,,,,,,,,,,,,,,
GMU,Esther Peters,Colpophyllia,natans,07-100-2 A,29759.svs,Hematoxylin & Eosin,,"Z-Fix:seawater (1:4), 10% EDTA pH 7 decal",Growing margin,2006-08-02,,,1G,,Florida Keys Disease Course: Growing/Receding Margins,"Looe Existing Management Area, Buoy 40, 10-ft",,,,,,,,,,,,,,,,,,,,,,,,,,,,,,,,,,,,,,,,,,,,,,,,,,,
GMU,Esther Peters,Colpophyllia,natans,07-102 3 A,29761.svs,Hematoxylin & Eosin,,"Z-Fix:seawater (1:4), 10% EDTA pH 7 decal",Growing margin,2006-08-02,,,2G,,Florida Keys Disease Course: Growing/Receding Margins,"Looe Existing Management Area, Buoy 40, 10-ft",,,,,,,,,,,,,,,,,,,,,,,,,,,,,,,,,,,,,,,,,,,,,,,,,,,
GMU,Esther Peters,Colpophyllia,natans,07-102 3 B,29763.svs,Periodic Acid-Schiff/Alcian Blue,,"Z-Fix:seawater (1:4), 10% EDTA pH 7 decal",Growing margin,2006-08-02,,,2G,,Florida Keys Disease Course: Growing/Receding Margins,"Looe Existing Management Area, Buoy 40, 10-ft",,,,,,,,,,,,,,,,,,,,,,,,,,,,,,,,,,,,,,,,,,,,,,,,,,,
GMU,Esther Peters,Colpophyllia,natans,07-104 5 A,29768.svs,Hematoxylin & Eosin,,"Z-Fix:seawater (1:4), 10% EDTA pH 7 decal",Growing margin,2006-08-02,,,3G,,Florida Keys Disease Course: Growing/Receding Margins,"Looe Existing Management Area, Buoy 40, 10-ft",,,,,,,,,,,,,,,,,,,,,,,,,,,,,,,,,,,,,,,,,,,,,,,,,,,
GMU,Esther Peters,Colpophyllia,natans,2005-108 1,29770.svs,Hematoxylin & Eosin,,"Z-Fix:seawater (1:4), 10% EDTA pH 7 decal",Receding margin,2005-08-14,,,304,,Florida Keys Disease Course: Growing/Receding Margins,"East of (outside) Looe Key Research, 18-ft",,,,,,,,,,,,,,,,,,,,,,,,,,,,,,,,,,,,,,,,,,,,,,,,,,,
GMU,Esther Peters,Colpophyllia,natans,07-101-5 A,29771.svs,Hematoxylin & Eosin,,"Z-Fix:seawater (1:4), 10% EDTA pH 7 decal",Receding margin,2006-08-02,,,1R,,Florida Keys Disease Course: Growing/Receding Margins,"Looe Existing Management Area, Buoy 40, 10-ft",,,,,,,,,,,,,,,,,,,,,,,,,,,,,,,,,,,,,,,,,,,,,,,,,,,
GMU,Esther Peters,Colpophyllia,natans,07-103-3 A,30225.svs,Hematoxylin & Eosin,,"Z-Fix:seawater (1:4), 10% EDTA pH 7 decal",Receding margin,2006-08-02,,,2R,,Florida Keys Disease Course: Growing/Receding Margins,"Looe Existing Management Area, Buoy 40, 10-ft",,,,,,,,,,,,,,,,,,,,,,,,,,,,,,,,,,,,,,,,,,,,,,,,,,,
GMU,Esther Peters,Colpophyllia,natans,07-105 2 A,29773.svs,Hematoxylin & Eosin,,"Z-Fix:seawater (1:4), 10% EDTA pH 7 decal",Receding margin,2006-08-02,,,3R,,Florida Keys Disease Course: Growing/Receding Margins,"Looe Existing Management Area, Buoy 40, 10-ft",,,,,,,,,,,,,,,,,,,,,,,,,,,,,,,,,,,,,,,,,,,,,,,,,,,
GMU,Esther Peters,Colpophyllia,natans,07-192 w/zoox,30227.svs,Hematoxylin & Eosin,,"Z-Fix:seawater (1:4), 10% EDTA pH 7 decal","Mottled bleaching phenomenon, most normal sample",2007-08-16,,,3-white,,Florida Keys Disease Course: Cnat Mottled Bleaching,"Wonderland, FKNMS, 20-ft",,,,,,,,,,,,,,,,,,,,,,,,,,,,,,,,,,,,,,,,,,,,,,,,,,,
GMU,Esther Peters,Colpophyllia,natans,09-259-W1 1,29775.svs,Hematoxylin & Eosin,,"Z-Fix:seawater (1:4), 10% EDTA pH 7 decal","Margins sampled, apparently healthy",2009-08-06,,,white,,Florida Keys Disease Course: Cnat Mottled Bleaching,"Wonderland Reef, Florida Keys",,,,,,,,,,,,,,,,,,,,,,,,,,,,,,,,,,,,,,,,,,,,,,,,,,,
GMU,Esther Peters,Colpophyllia,natans,07-211-1 1,29776.svs,Hematoxylin & Eosin,,"Z-Fix:seawater (1:4), 10% EDTA pH 7 decal","Mottled bleaching phenomenon, affected sample",2007-08-16,,,3-yellow,,Florida Keys Disease Course: Cnat Mottled Bleaching,"Wonderland, FKNMS, 20-ft",,,,,,,,,,,,,,,,,,,,,,,,,,,,,,,,,,,,,,,,,,,,,,,,,,,
GMU,Esther Peters,Colpophyllia,natans,09-259-Y2 1,29777.svs,Hematoxylin & Eosin,,"Z-Fix:seawater (1:4), 10% EDTA pH 7 decal",Margins sampled,2009-08-06,,,yellow,,Florida Keys Disease Course: Cnat Mottled Bleaching,"Wonderland Reef, Florida Keys",,,,,,,,,,,,,,,,,,,,,,,,,,,,,,,,,,,,,,,,,,,,,,,,,,,
GMU,Esther Peters,Colpophyllia,natans,09-259-R 2,29778.svs,Hematoxylin & Eosin,,"Z-Fix:seawater (1:4), 10% EDTA pH 7 decal",Margins sampled,2009-08-06,,,red,,Florida Keys Disease Course: Cnat Mottled Bleaching,"Wonderland, FKNMS, 20-ft",,,,,,,,,,,,,,,,,,,,,,,,,,,,,,,,,,,,,,,,,,,,,,,,,,,
GMU,Esther Peters,Colpophyllia,natans,07-212-2 1,29779.svs,Hematoxylin & Eosin,,"Z-Fix:seawater (1:4), 10% EDTA pH 7 decal","Mottled bleaching phenomenon, most affected sample",2007-08-16,,,3-red,,Florida Keys Disease Course: Cnat Mottled Bleaching,"Wonderland Reef, Florida Keys",,,,,,,,,,,,,,,,,,,,,,,,,,,,,,,,,,,,,,,,,,,,,,,,,,,
GMU,Esther Peters,Colpophyllia,natans,07-212-2 2,29780.svs,Cason's Trichrome,,"Z-Fix:seawater (1:4), 10% EDTA pH 7 decal","Mottled bleaching phenomenon, most affected sample",2007-08-16,,,3-red,,Florida Keys Disease Course: Cnat Mottled Bleaching,"Wonderland, FKNMS, 20-ft",,,,,,,,,,,,,,,,,,,,,,,,,,,,,,,,,,,,,,,,,,,,,,,,,,,
GMU,Esther Peters,Dichocoenia,stokesii,09-258,29781.svs,Hematoxylin & Eosin,,"Z-Fix:seawater (1:4), 10% EDTA pH 7 decal","Unusual bleaching pattern, biopsy",2009-08-02,,,none,,Florida Keys Disease Course: Unusual Bleaching Pattern,"Looe Key, Buoy 13",,,,,,,,,,,,,,,,,,,,,,,,,,,,,,,,,,,,,,,,,,,,,,,,,,,
GMU,Esther Peters,Diploria,clivosa,08-229 M 1,29782.svs,Hematoxylin & Eosin,,"Z-Fix:seawater (1:4), 10% EDTA pH 7 decal","Orange & Yellow Labels, growth anomaly, margin with normal",2008-08-14,,,105,,Florida Keys Disease Course: Diploria clivosa,"Sugarloaf Reef, Florida Keys",,,,,,,,,,,,,,,,,,,,,,,,,,,,,,,,,,,,,,,,,,,,,,,,,,,
GMU,Esther Peters,Diploria,clivosa,08-229 U 1,30228.svs,Hematoxylin & Eosin,,"Z-Fix:seawater (1:4), 10% EDTA pH 7 decal","Orange & White Labels, apparently healthy normal growth pattern",2008-08-14,,,106,,Florida Keys Disease Course: Diploria clivosa,"Sugarloaf Reef, Florida Keys",,,,,,,,,,,,,,,,,,,,,,,,,,,,,,,,,,,,,,,,,,,,,,,,,,,
GMU,Esther Peters,Stephanocoenia,intersepta,08-227-1,29784.svs,Hematoxylin & Eosin,,"Z-Fix:seawater (1:4), 10% EDTA pH 7 decal","Brown, Yellow, & Red Labels, dark spots disease? Micocolonies of bacteria, rickettsia?",2008-08-14,,,no #,,Florida Keys Disease Course: Stephanocoenia Dark Spots,"Sugarloaf Reef, Florida Keys",,,,,,,,,,,,,,,,,,,,,,,,,,,,,,,,,,,,,,,,,,,,,,,,,,,
GMU,Esther Peters,Siderastrea,siderea,08-226 BL-3 1,29785.svs,Hematoxylin & Eosin,,"Z-Fix:seawater (1:4), 10% EDTA pH 7 decal",Blue & Yellow Labels,2008-08-14,,,3,,Florida Keys Disease Course: Siderastrea Bullseye Bleaching,"Sugarloaf Reef, Florida Keys",,,,,,,,,,,,,,,,,,,,,,,,,,,,,,,,,,,,,,,,,,,,,,,,,,,
GMU,Esther Peters,Siderastrea,siderea,08-226 D 3 1,29786.svs,Hematoxylin & Eosin,,"Z-Fix:seawater (1:4), 10% EDTA pH 7 decal","Blue & Red Lables, tissue loss margin",2008-08-14,,,no #,,Florida Keys Disease Course: Siderastrea Bullseye Bleaching,"Sugarloaf Reef, Florida Keys",,,,,,,,,,,,,,,,,,,,,,,,,,,,,,,,,,,,,,,,,,,,,,,,,,,
GMU,Esther Peters,Montastraea,faveolata,08-222-5 1,29787.svs,Hematoxylin & Eosin,,"Z-Fix:seawater (1:4), 10% EDTA pH 7 decal",Healthy colony sample,2008-08-11,,,4 (white),,Florida Keys Disease Course: Black Band Disease,"Wonderland Reef, Florida Keys",,,,,,,,,,,,,,,,,,,,,,,,,,,,,,,,,,,,,,,,,,,,,,,,,,,
GMU,Esther Peters,Montastraea,faveolata,08-225 D4 1,29788.svs,Hematoxylin & Eosin,,"Z-Fix:seawater (1:4), 10% EDTA pH 7 decal",Black band diseased margin,2008-08-11,,,5 (red),,Florida Keys Disease Course: Black Band Disease,"Wonderland Reef, Florida Keys",,,,,,,,,,,,,,,,,,,,,,,,,,,,,,,,,,,,,,,,,,,,,,,,,,,
GMU,Esther Peters,Montastraea,faveolata,08-225 U 1,29789.svs,Hematoxylin & Eosin,,"Z-Fix:seawater (1:4), 10% EDTA pH 7 decal",Unaffected on black band diseased colony,2008-08-11,,,5 (yellow),,Florida Keys Disease Course: Black Band Disease,"Wonderland Reef, Florida Keys",,,,,,,,,,,,,,,,,,,,,,,,,,,,,,,,,,,,,,,,,,,,,,,,,,,
GMU,Esther Peters,Montastraea,faveolata,07-186 1,29790.svs,Hematoxylin & Eosin,,"Z-Fix:seawater (1:4), 10% EDTA pH 7 decal","Suspect Montastraeadiscoloring/denuding disease, healthy-appearing tissue",2007-08-15,,,1-White,,Florida Keys Disease Course: Discoloring/Denuding Disease,"Jaap Reef, FKNMS, 10-ft.",,,,,,,,,,,,,,,,,,,,,,,,,,,,,,,,,,,,,,,,,,,,,,,,,,,
GMU,Esther Peters,Montastraea,faveolata,07-189 1,29791.svs,Hematoxylin & Eosin,,"Z-Fix:seawater (1:4), 10% EDTA pH 7 decal","Suspect Montastraea discoloring/denuding disease, healthy-appearing tissue",2007-08-15,,,2-White,,Florida Keys Disease Course: Discoloring/Denuding Disease,"Jaap Reef, FKNMS, 10-ft.",,,,,,,,,,,,,,,,,,,,,,,,,,,,,,,,,,,,,,,,,,,,,,,,,,,
GMU,Esther Peters,Montastraea,faveolata,07-187 1,29792.svs,Hematoxylin & Eosin,,"Z-Fix:seawater (1:4), 10% EDTA pH 7 decal","Suspect Montastraeadiscoloring/denuding disease, damaged tissue?",2007-08-15,,,1-Yellow,,Florida Keys Disease Course: Discoloring/Denuding Disease,"Jaap Reef, FKNMS, 10-ft.",,,,,,,,,,,,,,,,,,,,,,,,,,,,,,,,,,,,,,,,,,,,,,,,,,,
GMU,Esther Peters,Montastraea,faveolata,07-190 1,29793.svs,Hematoxylin & Eosin,,"Z-Fix:seawater (1:4), 10% EDTA pH 7 decal","Suspect Montastraeadiscoloring/denuding disease, damaged tissue?",2007-08-15,,,2-Yellow,,Florida Keys Disease Course: Discoloring/Denuding Disease,"Jaap Reef, FKNMS, 10-ft.",,,,,,,,,,,,,,,,,,,,,,,,,,,,,,,,,,,,,,,,,,,,,,,,,,,
GMU,Esther Peters,Montastraea,faveolata,07-188-2 1,30231.svs,Hematoxylin & Eosin,,"Z-Fix:seawater (1:4), 10% EDTA pH 7 decal","Suspect Montastraeadiscoloring/denuding disease, fouled tissue margin",2007-08-15,,,1-Red,,Florida Keys Disease Course: Discoloring/Denuding Disease,"Jaap Reef, FKNMS, 10-ft.",,,,,,,,,,,,,,,,,,,,,,,,,,,,,,,,,,,,,,,,,,,,,,,,,,,
GMU,Esther Peters,Montastraea,faveolata,07-191-5,29795.svs,Hematoxylin & Eosin,,"Z-Fix:seawater (1:4), 10% EDTA pH 7 decal","Suspect Montastraeadiscoloring/denuding disease, fouled tissue margin",2007-08-15,,,2-Red,,Florida Keys Disease Course: Discoloring/Denuding Disease,"Jaap Reef, FKNMS, 10-ft.",,,,,,,,,,,,,,,,,,,,,,,,,,,,,,,,,,,,,,,,,,,,,,,,,,,
GMU,Esther Peters,Montastraea,faveolata,08-228-2 1,29796.svs,Hematoxylin & Eosin,,"Z-Fix:seawater (1:4), 10% EDTA pH 7 decal","Black, Red, & Yellow Labels, from lower sampled location on colony, sagittal section",2008-08-14,,,no #,,Florida Keys Disease Course: Discoloring/Denuding Disease,"Sugarloaf Reef, Florida Keys",,,,,,,,,,,,,,,,,,,,,,,,,,,,,,,,,,,,,,,,,,,,,,,,,,,
GMU,Esther Peters,Montastraea,faveolata,08-228-2,29797.svs,Hematoxylin & Eosin,,"Z-Fix:seawater (1:4), 10% EDTA pH 7 decal","Black, Red, & Yellow Labels, from lower sampled location on colony, transverse section",2008-08-14,,,no #,,Florida Keys Disease Course: Discoloring/Denuding Disease,"Sugarloaf Reef, Florida Keys",,,,,,,,,,,,,,,,,,,,,,,,,,,,,,,,,,,,,,,,,,,,,,,,,,,
GMU,Esther Peters,Montastraea,faveolata,08-228-2,29798.svs,Cason's Trichrome,,"Z-Fix:seawater (1:4), 10% EDTA pH 7 decal","Black, Red, & Yellow Labels, from lower sampled location on colony, transverse section",2008-08-14,,,no #,,Florida Keys Disease Course: Discoloring/Denuding Disease,"Sugarloaf Reef, Florida Keys",,,,,,,,,,,,,,,,,,,,,,,,,,,,,,,,,,,,,,,,,,,,,,,,,,,
GMU,Esther Peters,Gorgonia,ventalina,07-106 1 A,29799.svs,Hematoxylin & Eosin,,"Z-Fix:seawater (1:4), 10% EDTA pH 7 decal","Fouled, see post-fixed photo, aspergillosis and labyrinthulid",2006-08-02,,,1A,,Florida Keys Disease Course:  Sea Fan Health,"Looe Existing Management Area, Buoy #40, 10-ft",,,,,,,,,,,,,,,,,,,,,,,,,,,,,,,,,,,,,,,,,,,,,,,,,,,
GMU,Esther Peters,Gorgonia,ventalina,07-107 A,30233.svs,Hematoxylin & Eosin,,"Z-Fix:seawater (1:4), 10% EDTA pH 7 decal","Healthy, spermaries",2006-08-02,,,1B,,Florida Keys Disease Course:  Sea Fan Health,"Looe Existing Management Area, Buoy #41",,,,,,,,,,,,,,,,,,,,,,,,,,,,,,,,,,,,,,,,,,,,,,,,,,,
GMU,Esther Peters,Gorgonia,ventalina,07-108 A,30237.svs,Hematoxylin & Eosin,,"Z-Fix:seawater (1:4), 10% EDTA pH 7 decal","Fouled, see post-fixed photo, loss of polyps",2006-08-02,,,1C,,Florida Keys Disease Course:  Sea Fan Health,"Looe Existing Management Area, Buoy #42",,,,,,,,,,,,,,,,,,,,,,,,,,,,,,,,,,,,,,,,,,,,,,,,,,,
GMU,Esther Peters,Gorgonia,ventalina,07-110 1,30240.svs,Hematoxylin & Eosin,,"Z-Fix:seawater (1:4), 10% EDTA pH 7 decal","Fouled, see post-fixed photo",2006-08-02,,,2B,,Florida Keys Disease Course:  Sea Fan Health,"Looe Existing Management Area, Buoy #44",,,,,,,,,,,,,,,,,,,,,,,,,,,,,,,,,,,,,,,,,,,,,,,,,,,
GMU,Esther Peters,Gorgonia,ventalina,07-111 A,29814.svs,Hematoxylin & Eosin,,"Z-Fix:seawater (1:4), 10% EDTA pH 7 decal","Aspergillosis, melanization, labyrinthulid",2006-08-02,,,2C,,Florida Keys Disease Course:  Sea Fan Health,"Looe Existing Management Area, Buoy #45",,,,,,,,,,,,,,,,,,,,,,,,,,,,,,,,,,,,,,,,,,,,,,,,,,,
GMU,Esther Peters,Gorgonia,ventalina,07-112 1 B,30282.svs,Periodic Acid-Schiff/Alcian Blue,,"Z-Fix:seawater (1:4), 10% EDTA pH 7 decal","Fouled, algae and fungi",2006-08-02,,,3A,,Florida Keys Disease Course:  Sea Fan Health,"Looe Existing Management Area, Buoy #46",,,,,,,,,,,,,,,,,,,,,,,,,,,,,,,,,,,,,,,,,,,,,,,,,,,
GMU,Esther Peters,Gorgonia,ventalina,07-113 1 A,29829.svs,Hematoxylin & Eosin,,"Z-Fix:seawater (1:4), 10% EDTA pH 7 decal","Fouled, algae and fungi",2006-08-02,,,3B,,Florida Keys Disease Course:  Sea Fan Health,"Looe Existing Management Area, Buoy #47",,,,,,,,,,,,,,,,,,,,,,,,,,,,,,,,,,,,,,,,,,,,,,,,,,,
GMU,Esther Peters,Gorgonia,ventalina,07-113 1 B,29837.svs,Cason's Trichrome,,"Z-Fix:seawater (1:4), 10% EDTA pH 7 decal","Fouled, algae and fungi",2006-08-02,,,3B,,Florida Keys Disease Course:  Sea Fan Health,"Looe Existing Management Area, Buoy #47",,,,,,,,,,,,,,,,,,,,,,,,,,,,,,,,,,,,,,,,,,,,,,,,,,,
GMU,Esther Peters,Gorgonia,ventalina,07-113 2 2,30289.svs,Periodic Acid-Schiff/Alcian Blue,,"Z-Fix:seawater (1:4), 10% EDTA pH 7 decal","Fouled, algae and fungi",2006-08-02,,,3B,,Florida Keys Disease Course:  Sea Fan Health,"Looe Existing Management Area, Buoy #47",,,,,,,,,,,,,,,,,,,,,,,,,,,,,,,,,,,,,,,,,,,,,,,,,,,
GMU,Esther Peters,Gorgonia,ventalina,07-114 1 1,30316.svs,Hematoxylin & Eosin,,"Z-Fix:seawater (1:4), 10% EDTA pH 7 decal","Fouled, algae and fungi",2006-08-02,,,3C,,Florida Keys Disease Course:  Sea Fan Health,"Looe Existing Management Area, Buoy #48",,,,,,,,,,,,,,,,,,,,,,,,,,,,,,,,,,,,,,,,,,,,,,,,,,,
GMU,Esther Peters,Gorgonia,ventalina,07-114 1 2,30468.svs,Cason's Trichrome,,"Z-Fix:seawater (1:4), 10% EDTA pH 7 decal","Fouled, algae and fungi",2006-08-02,,,3C,,Florida Keys Disease Course:  Sea Fan Health,"Looe Existing Management Area, Buoy #48",,,,,,,,,,,,,,,,,,,,,,,,,,,,,,,,,,,,,,,,,,,,,,,,,,,
GMU,Esther Peters,Gorgonia,ventalina,07-114 2 2,30325.svs,Periodic Acid-Schiff/Alcian Blue,,"Z-Fix:seawater (1:4), 10% EDTA pH 7 decal","Fouled, algae and fungi",2006-08-02,,,3C,,Florida Keys Disease Course:  Sea Fan Health,"Looe Existing Management Area, Buoy #48",,,,,,,,,,,,,,,,,,,,,,,,,,,,,,,,,,,,,,,,,,,,,,,,,,,
GMU,Esther Peters,Gorgonia,ventalina,07-115 1,30332.svs,Hematoxylin & Eosin,,"Z-Fix:seawater (1:4), 10% EDTA pH 7 decal",Hydroids in sea fan,2006-08-03,,,A,,Florida Keys Disease Course:  Sea Fan Health,"Billy's Reef, FKNMS",,,,,,,,,,,,,,,,,,,,,,,,,,,,,,,,,,,,,,,,,,,,,,,,,,,
GMU,Esther Peters,Gorgonia,ventalina,07-115 2,30388.svs,Periodic Acid-Schiff/Alcian Blue,,"Z-Fix:seawater (1:4), 10% EDTA pH 7 decal",Hydroids in sea fan,2006-08-03,,,A,,Florida Keys Disease Course:  Sea Fan Health,"Billy's Reef, FKNMS",,,,,,,,,,,,,,,,,,,,,,,,,,,,,,,,,,,,,,,,,,,,,,,,,,,
GMU,Esther Peters,Gorgonia,ventalina,07-115-1 2,30337.svs,Cason's Trichrome,,"Z-Fix:seawater (1:4), 10% EDTA pH 7 decal",Hydroids in sea fan,2006-08-03,,,A,,Florida Keys Disease Course:  Sea Fan Health,"Billy's Reef, FKNMS",,,,,,,,,,,,,,,,,,,,,,,,,,,,,,,,,,,,,,,,,,,,,,,,,,,
GMU,Esther Peters,Gorgonia,ventalina,07-116,30343.svs,Hematoxylin & Eosin,,"Z-Fix:seawater (1:4), 10% EDTA pH 7 decal",Hydroids in sea fan,2006-08-03,,,B,,Florida Keys Disease Course:  Sea Fan Health,"Billy's Reef, FKNMS",,,,,,,,,,,,,,,,,,,,,,,,,,,,,,,,,,,,,,,,,,,,,,,,,,,
GMU,Esther Peters,Gorgonia,ventalina,07-193-1 1,29876.svs,Hematoxylin & Eosin,,"Z-Fix:seawater (1:4), 10% EDTA pH 7 decal",Possible late stage sloughing,2007-08-16,,,1-1,,Florida Keys Disease Course:  Sea Fan Health,"Wonderland, FKNMS, 20-ft",,,,,,,,,,,,,,,,,,,,,,,,,,,,,,,,,,,,,,,,,,,,,,,,,,,
GMU,Esther Peters,Gorgonia,ventalina,07-193-1 2,29880.svs,Periodic Acid-Schiff/Alcian Blue,,"Z-Fix:seawater (1:4), 10% EDTA pH 7 decal",Possible late stage sloughing,2007-08-16,,,1-1,,Florida Keys Disease Course:  Sea Fan Health,"Wonderland, FKNMS, 20-ft",,,,,,,,,,,,,,,,,,,,,,,,,,,,,,,,,,,,,,,,,,,,,,,,,,,
GMU,Esther Peters,Gorgonia,ventalina,07-194-1 1,30350.svs,Hematoxylin & Eosin,,"Z-Fix:seawater (1:4), 10% EDTA pH 7 decal",Possible late stage sloughing,2007-08-16,,,1-2,,Florida Keys Disease Course:  Sea Fan Health,"Wonderland, FKNMS, 20-ft",,,,,,,,,,,,,,,,,,,,,,,,,,,,,,,,,,,,,,,,,,,,,,,,,,,
GMU,Esther Peters,Gorgonia,ventalina,07-195-1 1,29883.svs,Hematoxylin & Eosin,,"Z-Fix:seawater (1:4), 10% EDTA pH 7 decal",Possible late stage sloughing,2007-08-16,,,1-3,,Florida Keys Disease Course:  Sea Fan Health,"Wonderland, FKNMS, 20-ft",,,,,,,,,,,,,,,,,,,,,,,,,,,,,,,,,,,,,,,,,,,,,,,,,,,
GMU,Esther Peters,Gorgonia,ventalina,07-196 1,29884.svs,Hematoxylin & Eosin,,"Z-Fix:seawater (1:4), 10% EDTA pH 7 decal",Multiple holes in blade,2007-08-16,,,2-1,,Florida Keys Disease Course:  Sea Fan Health,"Wonderland, FKNMS, 20-ft",,,,,,,,,,,,,,,,,,,,,,,,,,,,,,,,,,,,,,,,,,,,,,,,,,,
GMU,Esther Peters,Gorgonia,ventalina,07-197-1 1,30356.svs,Hematoxylin & Eosin,,"Z-Fix:seawater (1:4), 10% EDTA pH 7 decal",Multiple holes in blade,2007-08-16,,,2-1,,Florida Keys Disease Course:  Sea Fan Health,"Wonderland, FKNMS, 20-ft",,,,,,,,,,,,,,,,,,,,,,,,,,,,,,,,,,,,,,,,,,,,,,,,,,,
GMU,Esther Peters,Gorgonia,ventalina,07-198 1,29886.svs,Hematoxylin & Eosin,,"Z-Fix:seawater (1:4), 10% EDTA pH 7 decal",Multiple holes in blade,2007-08-16,,,2-3,,Florida Keys Disease Course:  Sea Fan Health,"Wonderland, FKNMS, 20-ft",,,,,,,,,,,,,,,,,,,,,,,,,,,,,,,,,,,,,,,,,,,,,,,,,,,
GMU,Esther Peters,Gorgonia,ventalina,07-199 1,29887.svs,Hematoxylin & Eosin,,"Z-Fix:seawater (1:4), 10% EDTA pH 7 decal",Apparently healthy,2007-08-16,,,3-1,,Florida Keys Disease Course:  Sea Fan Health,"Wonderland, FKNMS, 20-ft",,,,,,,,,,,,,,,,,,,,,,,,,,,,,,,,,,,,,,,,,,,,,,,,,,,
GMU,Esther Peters,Gorgonia,ventalina,07-200 1,29888.svs,Hematoxylin & Eosin,,"Z-Fix:seawater (1:4), 10% EDTA pH 7 decal",Apparently healthy,2007-08-16,,,3-2,,Florida Keys Disease Course:  Sea Fan Health,"Wonderland, FKNMS, 20-ft",,,,,,,,,,,,,,,,,,,,,,,,,,,,,,,,,,,,,,,,,,,,,,,,,,,
GMU,Esther Peters,Gorgonia,ventalina,07-201 1,30366.svs,Hematoxylin & Eosin,,"Z-Fix:seawater (1:4), 10% EDTA pH 7 decal",Apparently healthy,2007-08-16,,,3-3,,Florida Keys Disease Course:  Sea Fan Health,"Wonderland, FKNMS, 20-ft",,,,,,,,,,,,,,,,,,,,,,,,,,,,,,,,,,,,,,,,,,,,,,,,,,,
GMU,Esther Peters,Gorgonia,ventalina,08-217-1a,29890.svs,Hematoxylin & Eosin,,"Z-Fix:seawater (1:4), 10% EDTA pH 7 decal",,2008-08-13,,,Sea Fan 1 pc. 1,,Florida Keys Disease Course:  Sea Fan Health,"Wonderland Reef, Florida Keys",,,,,,,,,,,,,,,,,,,,,,,,,,,,,,,,,,,,,,,,,,,,,,,,,,,
GMU,Esther Peters,Gorgonia,ventalina,08-217-1b,29891.svs,Hematoxylin & Eosin,,"Z-Fix:seawater (1:4), 10% EDTA pH 7 decal",,2008-08-13,,,Sea Fan 1 pc. 1,,Florida Keys Disease Course:  Sea Fan Health,"Wonderland Reef, Florida Keys",,,,,,,,,,,,,,,,,,,,,,,,,,,,,,,,,,,,,,,,,,,,,,,,,,,
GMU,Esther Peters,Gorgonia,ventalina,08-217-2a T 1,29892.svs,Hematoxylin & Eosin,,"Z-Fix:seawater (1:4), 10% EDTA pH 7 decal",,2008-08-13,,,Sea Fan 1 pc. 2,,Florida Keys Disease Course:  Sea Fan Health,"Wonderland Reef, Florida Keys",,,,,,,,,,,,,,,,,,,,,,,,,,,,,,,,,,,,,,,,,,,,,,,,,,,
GMU,Esther Peters,Gorgonia,ventalina,08-217-2b 1,29893.svs,Hematoxylin & Eosin,,"Z-Fix:seawater (1:4), 10% EDTA pH 7 decal",,2008-08-13,,,Sea Fan 1 pc. 2,,Florida Keys Disease Course:  Sea Fan Health,"Wonderland Reef, Florida Keys",,,,,,,,,,,,,,,,,,,,,,,,,,,,,,,,,,,,,,,,,,,,,,,,,,,
GMU,Esther Peters,Gorgonia,ventalina,08-218-2aT 1 ,30371.svs,Hematoxylin & Eosin,,"Z-Fix:seawater (1:4), 10% EDTA pH 7 decal",Labyrinthulids,2008-08-13,,,Sea Fan 2 pc. 2,,Florida Keys Disease Course:  Sea Fan Health,"Wonderland Reef, Florida Keys",,,,,,,,,,,,,,,,,,,,,,,,,,,,,,,,,,,,,,,,,,,,,,,,,,,
GMU,Esther Peters,Gorgonia,ventalina,08-218-2bB 1,30377.svs,Hematoxylin & Eosin,,"Z-Fix:seawater (1:4), 10% EDTA pH 7 decal","Melanized hydroid cysts, atreitic oocytes?",2008-08-13,,,Sea Fan 2 pc. 2,,Florida Keys Disease Course:  Sea Fan Health,"Wonderland Reef, Florida Keys",,,,,,,,,,,,,,,,,,,,,,,,,,,,,,,,,,,,,,,,,,,,,,,,,,,
GMU,Esther Peters,Gorgonia,ventalina,08-219-1aT 1,29896.svs,Hematoxylin & Eosin,,"Z-Fix:seawater (1:4), 10% EDTA pH 7 decal",sloughing? See field photo,2008-08-13,,,Sea Fan 3 pc. 1,,Florida Keys Disease Course:  Sea Fan Health,"Wonderland Reef, Florida Keys",,,,,,,,,,,,,,,,,,,,,,,,,,,,,,,,,,,,,,,,,,,,,,,,,,,
GMU,Esther Peters,Gorgonia,ventalina,08-219-1aB 1,29897.svs,Hematoxylin & Eosin,,"Z-Fix:seawater (1:4), 10% EDTA pH 7 decal",,2008-08-13,,,Sea Fan 3 pc. 1,,Florida Keys Disease Course:  Sea Fan Health,"Wonderland Reef, Florida Keys",,,,,,,,,,,,,,,,,,,,,,,,,,,,,,,,,,,,,,,,,,,,,,,,,,,
GMU,Esther Peters,Gorgonia,ventalina,08-219-1bB 1,29898.svs,Hematoxylin & Eosin,,"Z-Fix:seawater (1:4), 10% EDTA pH 7 decal",,2008-08-13,,,Sea Fan 3 pc. 1,,Florida Keys Disease Course:  Sea Fan Health,"Wonderland Reef, Florida Keys",,,,,,,,,,,,,,,,,,,,,,,,,,,,,,,,,,,,,,,,,,,,,,,,,,,
GMU,Esther Peters,Gorgonia,ventalina,08-219-2aT 1,29899.svs,Hematoxylin & Eosin,,"Z-Fix:seawater (1:4), 10% EDTA pH 7 decal",,2008-08-13,,,Sea Fan 3 pc. 2,,Florida Keys Disease Course:  Sea Fan Health,"Wonderland Reef, Florida Keys",,,,,,,,,,,,,,,,,,,,,,,,,,,,,,,,,,,,,,,,,,,,,,,,,,,
GMU,Esther Peters,Gorgonia,ventalina,08-219-2bT 1,29901.svs,Hematoxylin & Eosin,,"Z-Fix:seawater (1:4), 10% EDTA pH 7 decal",,2008-08-13,,,Sea Fan 3 pc. 2,,Florida Keys Disease Course:  Sea Fan Health,"Wonderland Reef, Florida Keys",,,,,,,,,,,,,,,,,,,,,,,,,,,,,,,,,,,,,,,,,,,,,,,,,,,
GMU,Esther Peters,Gorgonia,ventalina,08-219-2bB 1,29905.svs,Hematoxylin & Eosin,,"Z-Fix:seawater (1:4), 10% EDTA pH 7 decal",,2008-08-13,,,Sea Fan 3 pc. 2,,Florida Keys Disease Course:  Sea Fan Health,"Wonderland Reef, Florida Keys",,,,,,,,,,,,,,,,,,,,,,,,,,,,,,,,,,,,,,,,,,,,,,,,,,,
GMU,Esther Peters,Gorgonia,ventalina,08-220-2 1,29908.svs,Hematoxylin & Eosin,,"Z-Fix:seawater (1:4), 10% EDTA pH 7 decal",,2008-08-13,,,Sea Fan 4 pc. 2,,Florida Keys Disease Course:  Sea Fan Health,"Wonderland Reef, Florida Keys",,,,,,,,,,,,,,,,,,,,,,,,,,,,,,,,,,,,,,,,,,,,,,,,,,,
GMU,Esther Peters,Gorgonia,ventalina,08-221-1 1,30355.svs,Hematoxylin & Eosin,,"Z-Fix:seawater (1:4), 10% EDTA pH 7 decal",,2008-08-13,,,Sea Fan 5 pc. 1,,Florida Keys Disease Course:  Sea Fan Health,"Wonderland Reef, Florida Keys",,,,,,,,,,,,,,,,,,,,,,,,,,,,,,,,,,,,,,,,,,,,,,,,,,,
GMU,Esther Peters,Gorgonia,ventalina,08-221-1Tx 2,29914.svs,Periodic Acid-Schiff/Alcian Blue,,"Z-Fix:seawater (1:4), 10% EDTA pH 7 decal",Labyrinthulids mucus,2008-08-13,,,Sea Fan 5 pc. 1,,Florida Keys Disease Course:  Sea Fan Health,"Wonderland Reef, Florida Keys",,,,,,,,,,,,,,,,,,,,,,,,,,,,,,,,,,,,,,,,,,,,,,,,,,,
GMU,Esther Peters,Gorgonia,ventalina,08-221-2b 1,30360.svs,Hematoxylin & Eosin,,"Z-Fix:seawater (1:4), 10% EDTA pH 7 decal",,2008-08-13,,,Sea Fan 5 pc. 2,,Florida Keys Disease Course:  Sea Fan Health,"Wonderland Reef, Florida Keys",,,,,,,,,,,,,,,,,,,,,,,,,,,,,,,,,,,,,,,,,,,,,,,,,,,
GMU,Esther Peters,Gorgonia,ventalina,08-221-2 3 2,30369.svs,Cason's Trichrome,,"Z-Fix:seawater (1:4), 10% EDTA pH 7 decal",,2008-08-13,,,Sea Fan 5 pc. 2,,Florida Keys Disease Course:  Sea Fan Health,"Wonderland Reef, Florida Keys",,,,,,,,,,,,,,,,,,,,,,,,,,,,,,,,,,,,,,,,,,,,,,,,,,,
GMU,Esther Peters,Scolymia,lacera,86-22-1 H&E,29932.svs,Hematoxylin & Eosin,,"Helly's fixative, HCl Decal",Healthy,1986-03-14,,,Whole small colony,,Scleractinian Species Comparative,"Carrie Bow Cay, Belize, shallow fore reef, 39 ft",,,,,,,,,,,,,,,,,,,,,,,,,,,,,,,,,,,,,,,,,,,,,,,,,,,
GMU,Esther Peters,Scolymia,lacera,86-22-1 HAB,30148.svs,Heidenhain's Aniline Blue,,"Helly's fixative, HCl Decal",Healthy,1986-03-14,,,Whole small colony,,Scleractinian Species Comparative,"Carrie Bow Cay, Belize, shallow fore reef, 39 ft",,,,,,,,,,,,,,,,,,,,,,,,,,,,,,,,,,,,,,,,,,,,,,,,,,,
GMU,Esther Peters,Scolymia,lacera,86-22-2 H&E,29974.svs,Hematoxylin & Eosin,,"Helly's fixative, HCl Decal",Healthy,1986-03-14,,,Whole small colony,,Scleractinian Species Comparative,,,,,,,,,,,,,,,,,,,,,,,,,,,,,,,,,,,,,,,,,,,,,,,,,,,,
GMU,Esther Peters,Scolymia,lacera,86-22-2 PCR,30030.svs,Movat's Modified Pentachrome,,"Helly's fixative, HCl Decal",Healthy,1986-03-14,,,Whole small colony,,Scleractinian Species Comparative,,,,,,,,,,,,,,,,,,,,,,,,,,,,,,,,,,,,,,,,,,,,,,,,,,,,
GMU,Esther Peters,Scolymia,lacera,86-22-3 H&E,30136.svs,Hematoxylin & Eosin,,"Helly's fixative, HCl Decal",Healthy,1986-03-14,,,Whole small colony,,Scleractinian Species Comparative,,,,,,,,,,,,,,,,,,,,,,,,,,,,,,,,,,,,,,,,,,,,,,,,,,,,
GMU,Esther Peters,Scolymia,lacera,86-22-3 HZS,30143.svs,Hirano-Zimmer Silver,,"Helly's fixative, HCl Decal",Healthy,1986-03-14,,,Whole small colony,,Scleractinian Species Comparative,,,,,,,,,,,,,,,,,,,,,,,,,,,,,,,,,,,,,,,,,,,,,,,,,,,,
GMU,Esther Peters,Isophyllastrea,rigida,85-36,30142.svs,Hematoxylin & Eosin,,"Helly's fixative, HCl Decal","Healthy, note planulae and pigmented mesenterial filaments",1985-08-17,,,Portion,,Scleractinian Species Comparative,,,,,,,,,,,,,,,,,,,,,,,,,,,,,,,,,,,,,,,,,,,,,,,,,,,,
GMU,Esther Peters,Isophyllia,sinuosa,85-35,30101.svs,Hematoxylin & Eosin,,"Helly's fixative, HCl Decal","Healthy, note oocytes, pigmented mesenterial filaments, large holotrichous isorhizas, zooxanthellae along mesenteries",1985-08-11,,,Portion,,Scleractinian Species Comparative,,,,,,,,,,,,,,,,,,,,,,,,,,,,,,,,,,,,,,,,,,,,,,,,,,,,
GMU,Esther Peters,Manicina,areolata,85-27,30092.svs,Periodic Acid-Schiff/Alcian Blue,,"Helly's fixative, HCl Decal",Fungi in skeleton,1985-08-10,,,Portion,,Scleractinian Species Comparative,,,,,,,,,,,,,,,,,,,,,,,,,,,,,,,,,,,,,,,,,,,,,,,,,,,,
GMU,Esther Peters,Favia,fragum,85-24,30051.svs,Periodic Acid-Schiff/Alcian Blue,,"Helly's fixative, HCl Decal",Oocytes and planulae,1985-08-11,,,Portion,,Scleractinian Species Comparative,,,,,,,,,,,,,,,,,,,,,,,,,,,,,,,,,,,,,,,,,,,,,,,,,,,,
GMU,Esther Peters,Isophyllia,sinuosa,85-20,30033.svs,Hematoxylin & Eosin,,"Helly's fixative, HCl Decal","Healthy, abundant epidermal probably fluorescent pigment cells, oocytes",1985-08-11,,,Portion,,Scleractinian Species Comparative,,,,,,,,,,,,,,,,,,,,,,,,,,,,,,,,,,,,,,,,,,,,,,,,,,,,
GMU,Esther Peters,Isophyllastrea,rigida,84-X16,29818.svs,Hematoxylin & Eosin,,"Helly's fixative, HCl Decal","Healthy, stains fading",1984-08-06,,,Portion,,Scleractinian Species Comparative,,,,,,,,,,,,,,,,,,,,,,,,,,,,,,,,,,,,,,,,,,,,,,,,,,,,
GMU,Esther Peters,Isophyllastrea,rigida,84-X16,30029.svs,Cason's Trichrome,,"Helly's fixative, HCl Decal","Healthy, stains fading",1984-08-06,,,Portion,,Scleractinian Species Comparative,,,,,,,,,,,,,,,,,,,,,,,,,,,,,,,,,,,,,,,,,,,,,,,,,,,,
GMU,Esther Peters,Isophyllastrea,rigida,84-X16,30137.svs,Periodic Acid-Schiff/Alcian Blue,,"Helly's fixative, HCl Decal","Healthy, stains fading",1984-08-06,,,Portion,,Scleractinian Species Comparative,,,,,,,,,,,,,,,,,,,,,,,,,,,,,,,,,,,,,,,,,,,,,,,,,,,,
GMU,Esther Peters,Dendrogyra,cylindrus,84-X15,29835.svs,Hematoxylin & Eosin,,"Helly's fixative, HCl Decal","Healthy, stains fading",1984-08-06,,,Portion,,Scleractinian Species Comparative,,,,,,,,,,,,,,,,,,,,,,,,,,,,,,,,,,,,,,,,,,,,,,,,,,,,
GMU,Esther Peters,Dendrogyra,cylindrus,84-X15,29922.svs,Cason's Trichrome,,"Helly's fixative, HCl Decal","Healthy, stains fading",1984-08-06,,,Portion,,Scleractinian Species Comparative,,,,,,,,,,,,,,,,,,,,,,,,,,,,,,,,,,,,,,,,,,,,,,,,,,,,
GMU,Esther Peters,Porites,branneri,84-X10,29804.svs,Hematoxylin & Eosin,,"Helly's fixative, HCl Decal","Healthy, stains fading",1984-08-06,,,Portion,,Scleractinian Species Comparative,,,,,,,,,,,,,,,,,,,,,,,,,,,,,,,,,,,,,,,,,,,,,,,,,,,,
GMU,Esther Peters,Porites,branneri,84-X10,29808.svs,Movat's Modified Pentachrome,,"Helly's fixative, HCl Decal","Healthy, stains fading",1984-08-06,,,Portion,,Scleractinian Species Comparative,,,,,,,,,,,,,,,,,,,,,,,,,,,,,,,,,,,,,,,,,,,,,,,,,,,,
GMU,Esther Peters,Tubastrea,aurea,84-X9,29760.svs,Hematoxylin & Eosin,,"Helly's fixative, HCl Decal","Healthy, stains fading",1984-08-05,,,Portion,,Scleractinian Species Comparative,,,,,,,,,,,,,,,,,,,,,,,,,,,,,,,,,,,,,,,,,,,,,,,,,,,,
GMU,Esther Peters,Tubastrea,aurea,84-X9,29764.svs,Cason's Trichrome,,"Helly's fixative, HCl Decal","Healthy, stains fading",1984-08-05,,,Portion,,Scleractinian Species Comparative,,,,,,,,,,,,,,,,,,,,,,,,,,,,,,,,,,,,,,,,,,,,,,,,,,,,
GMU,Esther Peters,Tubastrea,aurea,84-X9,29756.svs,Movat's Modified Pentachrome,,"Helly's fixative, HCl Decal","Healthy, stains fading",1984-08-05,,,Portion,,Scleractinian Species Comparative,,,,,,,,,,,,,,,,,,,,,,,,,,,,,,,,,,,,,,,,,,,,,,,,,,,,
GMU,Esther Peters,Assorted,sponges,84-X2,29755.svs,Hematoxylin & Eosin,,"Helly's fixative, HCl Decal",Originally collected on a Montastraea faveolata sample,1984-08-05,,,Portion,,Scleractinian Species Comparative,,,,,,,,,,,,,,,,,,,,,,,,,,,,,,,,,,,,,,,,,,,,,,,,,,,,
GMU,Esther Peters,Assorted,sponges,84-X2,29758.svs,Movat's Modified Pentachrome,,"Helly's fixative, HCl Decal",Originally collected on a Montastraea faveolata sample,1984-08-05,,,Portion,,Scleractinian Species Comparative,,,,,,,,,,,,,,,,,,,,,,,,,,,,,,,,,,,,,,,,,,,,,,,,,,,,
,,,,,2-29P-1 cox2.svs,,,,,,,,,,,,,,,,,,,,,,,,,,,,,,,,,,,,,,,,,,,,,,,,,,,,,,,,,,,,,,
,,,,,2-29p-1 GFAP2.svs,,,,,,,,,,,,,,,,,,,,,,,,,,,,,,,,,,,,,,,,,,,,,,,,,,,,,,,,,,,,,,
,,,,,2-29p-1.svs,,,,,,,,,,,,,,,,,,,,,,,,,,,,,,,,,,,,,,,,,,,,,,,,,,,,,,,,,,,,,,
,,,,,2-39-1 R.svs,,,,,,,,,,,,,,,,,,,,,,,,,,,,,,,,,,,,,,,,,,,,,,,,,,,,,,,,,,,,,,
,,,,,3-48P-1 GFAP3.svs,,,,,,,,,,,,,,,,,,,,,,,,,,,,,,,,,,,,,,,,,,,,,,,,,,,,,,,,,,,,,,
,,,,,3-48P-1 cox2.svs,,,,,,,,,,,,,,,,,,,,,,,,,,,,,,,,,,,,,,,,,,,,,,,,,,,,,,,,,,,,,,
,,,,,3-48P-1.svs,,,,,,,,,,,,,,,,,,,,,,,,,,,,,,,,,,,,,,,,,,,,,,,,,,,,,,,,,,,,,,
,,,,,3-60-1 R.svs,,,,,,,,,,,,,,,,,,,,,,,,,,,,,,,,,,,,,,,,,,,,,,,,,,,,,,,,,,,,,,
,,,,,4-66P-1 GFAP4.svs,,,,,,,,,,,,,,,,,,,,,,,,,,,,,,,,,,,,,,,,,,,,,,,,,,,,,,,,,,,,,,
,,,,,4-66P-1 cox2.svs,,,,,,,,,,,,,,,,,,,,,,,,,,,,,,,,,,,,,,,,,,,,,,,,,,,,,,,,,,,,,,
,,,,,4-66P-1.svs,,,,,,,,,,,,,,,,,,,,,,,,,,,,,,,,,,,,,,,,,,,,,,,,,,,,,,,,,,,,,,
,,,,,4-79-1 R.svs,,,,,,,,,,,,,,,,,,,,,,,,,,,,,,,,,,,,,,,,,,,,,,,,,,,,,,,,,,,,,,
,,,,,5-83P-1 GFAP.svs,,,,,,,,,,,,,,,,,,,,,,,,,,,,,,,,,,,,,,,,,,,,,,,,,,,,,,,,,,,,,,
,,,,,5-83P-1 cox2.svs,,,,,,,,,,,,,,,,,,,,,,,,,,,,,,,,,,,,,,,,,,,,,,,,,,,,,,,,,,,,,,
,,,,,5-83P-1.svs,,,,,,,,,,,,,,,,,,,,,,,,,,,,,,,,,,,,,,,,,,,,,,,,,,,,,,,,,,,,,,
,,,,,6-101P-1 GFAP.svs,,,,,,,,,,,,,,,,,,,,,,,,,,,,,,,,,,,,,,,,,,,,,,,,,,,,,,,,,,,,,,
,,,,,6-101P-1 cox2.svs,,,,,,,,,,,,,,,,,,,,,,,,,,,,,,,,,,,,,,,,,,,,,,,,,,,,,,,,,,,,,,
,,,,,6-101P-1.svs,,,,,,,,,,,,,,,,,,,,,,,,,,,,,,,,,,,,,,,,,,,,,,,,,,,,,,,,,,,,,,
,,,,,HLL 3.svs,,,,,,,,,,,,,,,,,,,,,,,,,,,,,,,,,,,,,,,,,,,,,,,,,,,,,,,,,,,,,,